student_id,gender,age,address,famsize,Pstatus,Medu,Fedu,traveltime,studytime,failures,schoolsup,famsup,paid,activities,internet,health
STU_10001,M,17,R,LE3,T,1,0,2,3,0,no,yes,yes,yes,yes,2
STU_10002,M,19,R,LE3,A,4,2,2,1,1,no,no,no,yes,yes,3
STU_10003,M,18,U,GT3,A,4,2,2,3,0,no,yes,no,no,yes,1
STU_10004,M,19,R,LE3,T,0,3,1,2,0,no,no,yes,no,yes,5
STU_10005,M,19,U,LE3,A,3,2,4,2,0,no,yes,yes,yes,no,4
STU_10006,F,18,R,LE3,A,3,3,1,1,0,no,no,no,no,yes,2
STU_10007,F,18,U,LE3,T,1,3,2,2,0,no,no,yes,yes,no,3
STU_10008,M,18,U,GT3,T,2,4,2,2,0,no,yes,yes,no,yes,5
STU_10009,M,19,R,LE3,T,2,2,1,1,0,yes,yes,no,yes,yes,2
STU_10010,F,21,U,GT3,A,1,4,2,2,0,no,no,no,no,yes,2
STU_10011,M,18,U,LE3,T,0,0,2,1,0,yes,no,yes,yes,no,4
STU_10012,M,19,R,LE3,A,3,1,1,2,0,no,no,yes,yes,yes,4
STU_10013,F,20,U,LE3,T,1,4,1,2,0,yes,yes,no,yes,yes,5
STU_10014,M,22,U,LE3,A,3,3,1,2,0,no,yes,no,no,no,3
STU_10015,F,19,R,LE3,T,2,1,4,2,0,no,yes,yes,no,yes,1
STU_10016,M,21,U,LE3,T,3,0,3,2,0,yes,yes,no,no,no,2
STU_10017,F,18,R,LE3,A,3,2,3,4,0,yes,yes,yes,no,yes,3
STU_10018,M,21,R,GT3,T,3,4,2,2,3,yes,no,yes,yes,no,1
STU_10019,M,20,U,GT3,A,4,1,2,1,0,no,no,no,yes,yes,4
STU_10020,F,17,R,LE3,A,1,3,2,2,0,yes,yes,yes,no,yes,4
STU_10021,M,17,R,LE3,A,1,1,2,2,0,no,yes,yes,yes,yes,4
STU_10022,M,18,R,GT3,T,2,1,2,1,1,no,yes,yes,no,no,3
STU_10023,M,18,U,GT3,A,2,0,4,2,0,no,no,yes,yes,no,2
STU_10024,F,17,R,GT3,A,3,4,4,1,1,yes,no,yes,no,yes,5
STU_10025,M,18,U,GT3,A,0,2,1,2,0,no,yes,yes,no,no,2
STU_10026,F,19,U,GT3,A,1,3,2,2,0,no,no,yes,no,yes,1
STU_10027,F,19,R,LE3,T,2,1,2,1,0,no,yes,no,no,yes,4
STU_10028,F,18,U,LE3,T,3,1,1,4,0,yes,yes,yes,no,yes,4
STU_10029,F,22,R,GT3,A,1,3,1,3,1,no,no,yes,no,no,1
STU_10030,F,18,R,GT3,T,1,1,1,2,0,yes,no,no,no,no,4
STU_10031,M,18,R,GT3,T,4,3,1,4,0,no,no,yes,no,yes,3
STU_10032,F,19,R,GT3,A,1,3,3,4,0,no,yes,yes,no,yes,4
STU_10033,M,18,R,GT3,T,3,2,1,3,0,no,no,yes,no,yes,5
STU_10034,M,23,R,LE3,T,0,0,3,1,0,yes,yes,yes,no,yes,5
STU_10035,M,19,R,GT3,T,4,4,4,3,1,yes,no,yes,yes,no,5
STU_10036,F,18,U,LE3,T,0,2,3,2,0,yes,no,no,no,yes,5
STU_10037,F,17,R,GT3,T,3,2,2,3,0,no,yes,no,no,no,4
STU_10038,F,18,U,LE3,A,3,1,2,2,0,no,yes,no,no,yes,4
STU_10039,M,18,R,GT3,A,4,2,2,2,0,yes,no,no,yes,no,4
STU_10040,F,20,U,GT3,T,3,1,1,2,0,no,no,no,no,no,3
STU_10041,F,18,U,LE3,A,0,4,4,2,0,no,no,no,yes,yes,3
STU_10042,M,18,R,LE3,T,2,0,4,2,0,yes,no,yes,yes,no,4
STU_10043,F,19,U,LE3,A,3,0,2,2,0,yes,yes,yes,no,yes,2
STU_10044,M,19,R,LE3,A,3,3,1,2,0,yes,yes,yes,yes,no,1
STU_10045,M,18,U,LE3,T,3,3,2,2,0,no,no,no,yes,yes,3
STU_10046,M,19,U,LE3,A,1,0,1,3,0,no,no,yes,no,no,4
STU_10047,F,19,R,GT3,T,4,0,3,3,0,yes,yes,yes,yes,no,5
STU_10048,M,20,U,GT3,A,2,1,4,2,1,yes,no,no,no,no,3
STU_10049,M,21,R,GT3,A,2,3,2,2,0,no,no,no,yes,no,5
10050,M,19,R,GT3,T,1,4,1,3,0,yes,yes,no,yes,no,4
STU_10051,F,99,U,LE3,A,4,0,2,1,3,yes,no,yes,yes,no,3
STU_10052,F,19,R,GT3,T,3,4,1,1,0,yes,yes,no,no,no,5
STU_10053,F,20,R,GT3,A,1,3,1,2,0,no,no,no,yes,yes,5
STU_10054,F,18,R,LE3,A,3,3,1,2,1,yes,no,yes,yes,no,1
STU_10055,F,18,R,LE3,T,3,1,1,3,0,no,yes,no,no,no,4
STU_10056,M,19,U,GT3,T,0,3,4,3,0,yes,no,yes,no,yes,1
STU_10057,F,20,R,GT3,A,3,1,1,2,0,yes,yes,yes,yes,no,5
STU_10058,M,19,U,LE3,A,2,3,1,1,1,no,yes,yes,no,no,5
STU_10059,F,19,R,GT3,A,2,1,4,3,0,no,no,no,no,yes,4
STU_10060,F,17,U,GT3,A,1,4,2,1,0,no,yes,yes,yes,no,4
STU_10061,M,19,U,LE3,A,2,3,1,1,0,no,no,yes,no,no,3
STU_10062,F,20,R,LE3,T,1,3,4,3,0,no,yes,no,yes,no,3
STU_10063,F,19,R,LE3,T,3,0,2,4,0,yes,yes,no,no,no,1
STU_10064,M,17,U,GT3,A,0,0,1,2,0,no,no,yes,no,yes,4
STU_10065,F,21,R,LE3,A,1,3,1,1,0,no,no,yes,no,no,2
STU_10066,M,21,R,LE3,T,4,0,1,2,3,yes,yes,yes,yes,yes,3
STU_10067,M,20,U,GT3,T,1,4,1,1,0,yes,yes,yes,no,yes,5
STU_10068,F,17,R,LE3,T,3,4,1,1,0,no,yes,no,yes,yes,5
STU_10069,F,19,U,LE3,A,3,3,2,2,2,yes,yes,no,yes,yes,2
STU_10070,F,19,R,GT3,A,3,4,2,1,0,yes,no,no,yes,no,3
STU_10071,F,18,U,GT3,A,2,2,1,1,2,yes,yes,yes,yes,no,1
STU_10072,F,20,U,GT3,T,3,2,3,4,0,yes,no,no,no,yes,5
STU_10073,M,18,R,LE3,T,2,4,1,3,0,no,yes,no,yes,yes,3
STU_10074,F,21,R,LE3,T,1,4,2,1,0,yes,yes,yes,no,no,4
STU_10075,F,18,R,GT3,T,0,1,1,2,0,no,no,no,no,no,4
STU_10076,F,18,U,GT3,A,0,2,2,2,0,no,yes,yes,no,yes,1
STU_10077,M,18,U,LE3,A,2,2,1,2,0,yes,no,yes,no,yes,4
STU_10078,M,19,R,LE3,A,4,3,2,3,0,yes,no,yes,no,yes,5
STU_10079,F,20,R,LE3,A,0,1,1,2,0,no,no,yes,no,yes,1
STU_10080,M,19,U,GT3,A,1,1,1,2,0,yes,yes,yes,no,no,5
STU_10081,F,19,R,GT3,T,3,0,1,2,1,yes,no,yes,no,no,4
STU_10082,M,18,R,LE3,T,4,4,1,2,0,yes,no,yes,no,no,5
STU_10083,M,22,R,LE3,A,0,4,2,1,0,no,yes,no,no,no,4
STU_10084,F,20,U,GT3,T,2,0,2,2,0,yes,no,yes,yes,no,3
STU_10085,F,18,U,GT3,A,2,1,2,3,0,yes,no,no,yes,no,3
STU_10086,M,22,R,GT3,T,1,1,1,2,1,yes,no,yes,no,yes,2
STU_10087,M,20,U,GT3,T,3,2,2,1,0,no,no,yes,yes,no,4
STU_10088,M,18,R,GT3,A,3,4,1,4,1,yes,no,yes,no,no,5
STU_10089,M,20,U,GT3,T,1,2,1,2,1,yes,yes,no,no,yes,4
STU_10090,M,18,R,LE3,A,0,2,1,2,0,no,yes,yes,yes,no,4
STU_10091,M,20,R,GT3,T,0,0,1,3,0,no,yes,no,yes,no,1
STU_10092,M,18,R,LE3,T,3,4,1,2,0,yes,no,no,yes,no,2
STU_10093,F,18,U,GT3,T,4,4,1,4,0,no,no,yes,no,no,3
STU_10094,M,18,U,GT3,T,0,4,2,2,0,no,yes,no,no,yes,2
STU_10095,M,20,R,LE3,A,1,0,2,3,0,no,no,no,no,yes,2
STU_10096,F,18,U,GT3,A,0,2,1,2,0,no,no,yes,no,no,3
STU_10097,F,20,R,LE3,A,4,1,1,2,0,no,no,no,no,yes,4
STU_10098,F,19,R,GT3,A,0,0,2,2,0,yes,yes,yes,no,yes,2
STU_10099,M,18,R,GT3,A,4,0,2,2,2,no,no,yes,yes,no,4
STU_10100,F,19,U,LE3,T,1,3,1,4,0,no,no,yes,no,no,2
STU_10101,M,18,U,GT3,T,3,0,2,4,3,no,yes,no,no,yes,2
STU_10102,F,19,U,LE3,T,1,3,1,2,0,yes,yes,yes,no,no,4
STU_10103,F,20,U,LE3,A,0,3,1,2,0,yes,yes,no,yes,yes,5
STU_10104,M,18,U,GT3,T,2,4,3,3,0,no,yes,no,yes,yes,5
STU_10105,M,18,R,LE3,T,0,0,3,3,0,yes,no,yes,no,no,3
STU_10106,F,18,R,GT3,A,0,0,1,2,0,no,yes,no,no,no,4
STU_10107,M,20,U,GT3,T,3,0,1,1,0,no,no,no,yes,yes,3
STU_10108,F,18,U,GT3,A,3,2,1,1,0,no,yes,yes,no,yes,1
STU_10109,F,19,R,GT3,T,0,3,1,2,0,no,no,yes,no,yes,5
STU_10110,M,18,R,LE3,A,4,3,2,2,3,yes,yes,yes,no,no,3
STU_10111,F,20,U,GT3,T,0,0,1,2,0,no,yes,yes,no,no,2
STU_10112,F,23,R,GT3,A,4,2,1,1,0,yes,no,no,yes,no,3
STU_10113,M,20,R,LE3,A,1,1,1,4,0,yes,no,no,no,yes,4
STU_10114,M,19,R,LE3,T,4,1,2,4,0,no,no,yes,no,no,5
STU_10115,F,19,R,GT3,T,1,2,2,1,3,no,no,yes,no,no,4
STU_10116,F,19,R,GT3,T,4,4,1,4,1,yes,no,yes,no,yes,3
STU_10117,F,19,R,LE3,T,4,2,3,2,0,yes,yes,yes,yes,yes,1
STU_10118,M,19,R,LE3,T,0,4,4,1,0,no,no,yes,no,no,3
STU_10119,M,21,U,LE3,T,1,3,3,1,2,no,no,yes,no,yes,1
STU_10120,F,19,U,GT3,A,3,4,1,3,0,no,no,yes,yes,no,2
STU_10121,F,19,U,LE3,A,2,4,2,1,0,no,no,no,yes,no,1
STU_10122,M,23,R,GT3,T,0,2,1,2,0,no,no,yes,no,no,2
STU_10123,M,19,R,GT3,T,3,4,3,3,1,yes,no,no,yes,yes,2
STU_10124,F,18,R,GT3,A,4,1,2,2,0,yes,no,no,yes,yes,1
STU_10125,M,19,U,LE3,A,4,3,1,1,0,yes,no,yes,no,yes,5
STU_10126,F,19,U,GT3,A,0,3,1,1,0,yes,yes,no,no,yes,5
STU_10127,M,21,U,GT3,T,2,3,1,1,0,no,no,no,no,no,4
STU_10128,M,19,U,GT3,T,1,4,1,1,3,yes,yes,no,no,no,5
STU_10129,F,20,U,GT3,A,1,2,1,3,1,yes,no,yes,yes,yes,1
STU_10130,M,19,R,LE3,T,0,3,1,2,1,yes,yes,no,yes,no,5
STU_10131,F,18,U,LE3,A,2,2,1,4,1,yes,no,no,yes,no,4
STU_10132,F,19,R,LE3,A,3,1,2,2,1,no,yes,no,yes,no,4
STU_10133,M,18,R,LE3,A,0,3,2,1,0,yes,yes,no,no,yes,1
STU_10134,M,20,U,GT3,T,2,2,4,1,2,yes,no,yes,yes,no,2
STU_10135,F,20,R,GT3,A,2,2,1,3,0,no,no,yes,no,no,4
STU_10136,M,19,U,LE3,T,2,4,3,2,0,yes,yes,no,yes,no,5
STU_10137,M,19,R,GT3,A,3,3,1,3,0,no,yes,yes,yes,yes,1
STU_10138,M,19,U,LE3,T,0,1,1,2,0,no,no,yes,yes,no,1
STU_10139,M,19,R,GT3,T,4,3,2,4,0,yes,yes,yes,yes,no,3
STU_10140,F,20,U,GT3,A,3,4,1,2,0,yes,yes,yes,no,no,4
STU_10141,F,18,U,LE3,T,3,3,2,2,3,yes,yes,yes,yes,no,3
STU_10142,M,21,R,LE3,T,2,0,4,2,1,no,yes,no,yes,yes,5
STU_10143,F,19,R,GT3,T,0,4,2,2,0,yes,yes,no,no,no,1
STU_10144,F,20,R,GT3,T,2,4,3,2,0,no,yes,no,yes,yes,1
STU_10145,F,18,U,GT3,A,2,0,1,4,0,no,yes,yes,yes,yes,4
STU_10146,F,19,R,LE3,T,0,2,2,2,1,no,yes,no,no,no,1
STU_10147,M,19,U,GT3,T,1,2,1,2,0,no,no,no,no,no,1
STU_10148,F,18,U,GT3,T,3,0,1,1,0,no,no,no,no,no,5
STU_10149,M,18,U,GT3,A,1,3,4,2,0,no,yes,no,no,no,4
STU_10150,F,18,U,LE3,T,3,1,1,2,0,no,no,yes,no,yes,3
STU_10151,M,20,R,LE3,A,4,3,2,2,2,no,yes,no,yes,yes,2
STU_10152,F,18,U,GT3,A,3,0,1,2,0,yes,no,no,no,no,5
STU_10153,M,18,U,GT3,T,2,3,3,1,1,yes,no,no,no,no,2
STU_10154,F,18,U,GT3,A,2,0,1,3,0,no,yes,yes,yes,yes,5
STU_10155,M,18,R,GT3,T,3,1,1,2,0,yes,no,no,no,yes,2
STU_10156,M,18,U,LE3,T,2,2,1,1,0,no,no,no,no,yes,3
STU_10157,F,20,U,GT3,T,1,2,1,2,0,yes,no,no,yes,no,4
STU_10158,M,19,U,LE3,A,2,1,1,3,0,no,yes,no,yes,yes,4
STU_10159,F,19,R,GT3,A,3,1,1,1,1,no,yes,no,yes,no,2
STU_10160,F,19,R,LE3,T,2,4,2,2,1,yes,no,yes,no,yes,2
STU_10161,F,21,U,GT3,A,2,0,1,4,1,yes,yes,no,no,yes,5
STU_10162,M,20,U,LE3,A,4,2,2,1,3,no,no,no,yes,yes,4
STU_10163,M,23,U,LE3,T,1,2,2,3,0,no,yes,no,no,no,4
STU_10164,M,19,U,GT3,A,2,3,4,2,0,yes,no,no,yes,no,2
STU_10165,F,20,R,GT3,A,2,2,1,1,1,no,yes,yes,yes,no,1
STU_10166,M,21,U,GT3,A,0,3,1,2,0,no,yes,no,yes,no,3
STU_10167,M,18,U,LE3,A,2,1,1,1,0,yes,no,yes,yes,yes,5
STU_10168,F,17,R,LE3,A,1,3,1,2,0,yes,yes,no,no,no,2
STU_10169,F,20,U,LE3,T,4,4,1,2,0,yes,yes,no,no,yes,1
STU_10170,M,18,U,GT3,A,3,2,2,1,0,yes,no,yes,no,yes,5
STU_10171,M,20,R,LE3,T,3,3,1,2,0,yes,no,no,yes,no,5
STU_10172,F,18,U,GT3,T,0,4,1,2,0,yes,no,no,no,no,4
STU_10173,M,19,U,GT3,T,2,0,1,1,1,no,no,yes,no,no,2
STU_10174,M,18,R,LE3,A,4,4,1,2,0,yes,yes,yes,yes,yes,2
STU_10175,F,22,R,LE3,A,1,2,2,1,1,no,no,no,yes,no,5
STU_10176,M,19,R,LE3,A,4,1,1,2,0,yes,yes,yes,yes,yes,2
STU_10177,M,19,R,LE3,T,0,4,2,3,0,yes,no,yes,no,no,3
STU_10178,M,19,U,LE3,T,1,4,4,4,0,no,no,no,no,yes,5
STU_10179,F,17,U,GT3,A,4,1,1,2,0,yes,yes,yes,yes,no,1
STU_10180,M,19,U,GT3,T,3,2,1,2,0,no,yes,yes,no,yes,1
STU_10181,M,21,R,GT3,A,0,4,1,1,1,yes,yes,no,yes,yes,3
STU_10182,F,21,R,GT3,A,3,2,1,4,0,yes,yes,yes,yes,no,4
STU_10183,F,19,R,LE3,A,2,3,1,1,0,no,yes,yes,no,yes,1
STU_10184,M,22,R,LE3,A,2,1,1,2,0,yes,yes,no,yes,yes,1
STU_10185,M,18,U,LE3,T,3,2,2,4,0,no,yes,yes,yes,yes,4
STU_10186,M,18,R,LE3,T,3,0,1,2,1,no,no,yes,no,no,2
STU_10187,F,18,U,GT3,A,3,1,1,2,0,no,no,no,no,yes,1
STU_10188,F,18,R,LE3,T,4,0,4,3,0,no,no,no,no,no,2
STU_10189,M,18,U,LE3,A,0,3,1,3,3,yes,yes,yes,yes,no,5
STU_10190,M,20,U,GT3,A,1,1,1,2,0,no,yes,no,yes,yes,4
STU_10191,F,18,U,LE3,T,1,4,1,2,0,yes,yes,no,yes,no,1
STU_10192,M,18,U,LE3,A,0,2,2,2,0,no,no,no,yes,yes,4
STU_10193,F,19,U,GT3,T,4,1,1,3,0,yes,yes,no,yes,yes,5
STU_10194,F,21,U,LE3,A,1,2,2,1,3,yes,yes,no,no,yes,3
STU_10195,M,18,U,GT3,A,0,0,1,2,0,yes,no,no,no,no,5
STU_10196,F,18,R,LE3,T,3,0,2,1,0,no,yes,yes,no,yes,4
STU_10197,M,20,U,GT3,A,0,3,3,1,1,yes,yes,yes,no,yes,2
STU_10198,F,19,R,GT3,A,1,0,1,2,1,yes,yes,no,yes,no,1
STU_10199,F,20,R,LE3,T,0,1,1,2,0,yes,no,no,no,no,3
STU_10200,M,19,R,LE3,A,3,2,1,1,0,no,yes,no,yes,yes,1
STU_10201,M,19,R,LE3,T,3,4,1,2,1,no,yes,no,no,yes,4
STU_10202,M,19,U,LE3,A,1,1,4,3,0,no,yes,no,yes,yes,5
STU_10203,F,18,U,LE3,A,4,3,2,3,0,yes,no,yes,no,yes,2
STU_10204,M,21,U,GT3,A,3,2,1,2,0,yes,yes,no,no,yes,5
STU_10205,F,17,R,LE3,T,3,2,3,1,1,no,no,no,no,yes,2
STU_10206,M,18,R,GT3,A,3,4,2,1,0,no,no,no,yes,yes,1
STU_10207,F,20,R,LE3,T,1,1,3,1,0,yes,no,yes,no,yes,3
STU_10208,F,20,R,LE3,T,1,2,1,2,2,no,no,no,yes,no,1
STU_10209,F,17,U,LE3,T,1,1,2,2,0,yes,yes,no,yes,yes,5
STU_10210,M,18,R,GT3,A,3,2,1,1,0,no,yes,yes,no,no,3
STU_10211,M,19,R,GT3,A,2,2,2,4,0,yes,yes,yes,yes,no,3
STU_10212,M,20,R,GT3,A,3,3,1,1,0,yes,no,yes,no,no,5
STU_10213,F,20,U,GT3,T,3,1,2,3,0,yes,no,yes,yes,no,2
STU_10214,F,19,R,GT3,A,4,2,1,1,0,yes,no,yes,yes,no,5
STU_10215,F,19,U,LE3,T,2,3,4,3,3,yes,no,yes,yes,no,3
STU_10216,M,18,U,LE3,A,2,1,2,1,1,no,yes,yes,no,no,4
STU_10217,F,22,R,LE3,T,4,1,2,4,1,yes,yes,yes,yes,yes,3
STU_10218,F,18,R,GT3,T,0,0,1,2,0,no,no,yes,no,no,3
STU_10219,M,18,R,LE3,T,1,1,1,1,0,yes,no,yes,no,no,5
STU_10220,M,19,U,LE3,T,0,0,1,2,0,no,yes,yes,yes,no,4
STU_10221,M,19,R,LE3,A,0,4,2,1,0,yes,no,yes,yes,no,5
STU_10222,M,18,R,GT3,T,0,4,1,1,2,no,yes,yes,yes,yes,1
STU_10223,F,18,U,LE3,T,2,1,1,4,0,yes,yes,yes,yes,no,3
STU_10224,F,19,U,LE3,T,0,1,2,1,0,no,no,yes,no,no,2
STU_10225,M,19,R,GT3,A,3,3,2,3,0,yes,yes,yes,no,no,5
STU_10226,F,18,R,GT3,T,1,3,3,1,0,yes,yes,no,no,yes,5
STU_10227,M,22,R,LE3,A,1,3,1,2,0,yes,yes,yes,no,no,2
STU_10228,M,20,R,LE3,A,2,0,1,2,0,yes,yes,no,no,no,1
STU_10229,F,19,U,GT3,T,0,3,1,2,0,yes,no,yes,no,no,3
STU_10230,M,20,R,GT3,A,2,3,1,3,0,no,no,no,no,yes,1
STU_10231,M,19,R,LE3,A,4,1,1,4,0,no,yes,no,yes,no,1
STU_10232,M,20,R,GT3,T,3,0,1,1,2,no,yes,yes,yes,yes,4
STU_10233,F,19,R,GT3,T,2,3,4,4,0,yes,yes,no,no,no,5
STU_10234,M,18,R,GT3,T,1,4,1,2,0,no,no,no,no,no,1
STU_10235,M,17,U,LE3,T,1,2,2,1,0,no,yes,yes,no,yes,5
STU_10236,M,18,R,LE3,T,4,3,1,3,1,no,yes,no,no,no,3
STU_10237,M,17,R,LE3,A,1,2,2,2,0,yes,no,no,yes,yes,2
STU_10238,M,20,U,GT3,T,3,2,2,1,0,no,yes,no,no,yes,1
STU_10239,M,21,U,GT3,A,4,4,1,3,0,yes,yes,yes,yes,no,5
STU_10240,F,18,U,LE3,A,2,2,1,4,0,no,yes,yes,no,no,2
STU_10241,M,22,R,GT3,T,3,2,1,2,2,no,no,no,yes,no,2
STU_10242,F,19,U,LE3,T,0,1,2,3,1,no,yes,yes,no,yes,2
STU_10243,M,19,R,LE3,T,0,0,1,2,0,yes,no,no,no,no,4
STU_10244,F,18,R,LE3,T,4,0,2,2,0,yes,no,yes,no,no,5
STU_10245,M,18,R,GT3,A,0,3,1,1,0,no,yes,no,no,yes,5
STU_10246,M,18,U,GT3,T,2,1,2,4,0,no,yes,yes,yes,yes,5
STU_10247,F,18,U,LE3,A,4,0,1,1,0,no,no,no,yes,yes,1
STU_10248,F,19,U,GT3,A,3,2,2,2,0,no,no,no,yes,yes,3
STU_10249,M,20,R,GT3,A,1,2,3,2,0,no,no,yes,yes,yes,3
STU_10250,M,21,U,GT3,T,0,0,2,2,1,no,yes,yes,no,no,2
STU_10251,F,18,R,LE3,A,4,4,1,2,0,yes,yes,yes,no,yes,2
STU_10252,M,20,R,GT3,T,1,3,1,2,0,yes,no,no,no,no,1
STU_10253,M,23,R,LE3,A,2,4,1,1,0,no,yes,no,no,yes,5
STU_10254,F,18,R,GT3,A,4,0,1,1,0,yes,no,yes,yes,yes,2
STU_10255,F,19,U,LE3,A,2,0,1,2,0,yes,no,yes,yes,yes,2
STU_10256,M,18,U,LE3,T,1,2,3,2,0,yes,no,yes,yes,no,5
STU_10257,F,21,U,LE3,A,4,1,2,3,0,no,yes,no,no,yes,2
STU_10258,F,18,U,LE3,T,4,4,2,3,0,yes,no,yes,yes,yes,4
STU_10259,M,21,U,GT3,A,2,0,2,2,2,no,no,no,yes,no,2
STU_10260,F,19,U,LE3,A,4,4,1,1,0,yes,yes,yes,no,yes,3
STU_10261,F,18,U,GT3,A,2,4,1,2,0,no,yes,no,no,yes,3
STU_10262,F,18,R,GT3,A,1,0,2,2,0,yes,yes,yes,no,no,5
STU_10263,M,18,U,LE3,T,3,4,1,1,0,yes,yes,no,no,no,5
STU_10264,M,21,U,GT3,A,0,1,3,4,0,yes,yes,yes,yes,yes,3
STU_10265,M,19,U,LE3,A,3,2,2,2,0,yes,yes,yes,no,no,3
STU_10266,F,18,U,GT3,A,4,0,1,2,0,yes,no,no,yes,no,5
STU_10267,F,19,R,GT3,T,2,3,2,3,1,no,yes,no,yes,no,2
STU_10268,M,20,R,GT3,T,2,1,1,2,0,no,yes,yes,no,no,3
STU_10269,M,21,R,LE3,T,3,1,1,1,0,yes,yes,yes,no,yes,1
STU_10270,M,21,R,LE3,T,3,2,2,2,3,no,no,yes,no,no,2
STU_10271,M,18,R,GT3,T,4,2,1,2,0,yes,no,no,yes,yes,2
STU_10272,F,19,R,GT3,A,1,4,1,2,2,no,no,yes,no,no,2
STU_10273,F,20,R,GT3,A,2,3,1,1,0,yes,yes,no,yes,no,4
STU_10274,M,18,U,GT3,T,1,3,1,4,1,no,no,no,no,yes,4
STU_10275,M,19,U,LE3,A,3,0,1,2,0,no,no,yes,no,yes,3
STU_10276,M,19,U,GT3,A,2,4,1,3,1,no,no,no,yes,yes,3
STU_10277,F,19,R,LE3,T,1,2,1,2,0,no,no,no,no,no,5
STU_10278,F,19,U,LE3,T,1,2,3,3,0,yes,no,yes,yes,yes,4
STU_10279,M,17,R,LE3,T,2,4,1,2,1,no,yes,yes,no,no,2
STU_10280,M,19,U,LE3,T,2,2,3,2,1,no,no,yes,yes,no,5
STU_10281,F,19,R,GT3,A,4,1,2,2,0,no,yes,no,yes,yes,5
STU_10282,M,18,R,LE3,A,3,2,1,2,0,yes,yes,no,yes,no,5
STU_10283,F,18,U,GT3,A,1,2,1,2,0,no,no,no,no,yes,1
STU_10284,M,18,U,GT3,A,2,4,1,2,0,yes,yes,yes,no,no,2
STU_10285,F,20,U,LE3,T,0,3,1,2,1,no,no,no,yes,no,1
STU_10286,M,18,R,LE3,A,1,1,3,2,0,yes,yes,yes,no,no,2
STU_10287,M,18,U,LE3,A,3,2,3,1,0,yes,no,no,no,yes,3
STU_10288,M,21,U,LE3,T,3,2,1,3,0,no,yes,yes,yes,no,5
STU_10289,M,18,U,LE3,T,3,0,2,2,2,yes,yes,no,yes,yes,2
STU_10290,F,18,R,GT3,T,0,3,1,1,1,no,no,no,no,yes,5
STU_10291,M,19,R,GT3,A,4,4,1,2,0,no,no,no,yes,no,2
STU_10292,M,19,R,LE3,A,0,4,2,1,0,yes,no,no,no,no,1
STU_10293,M,19,U,LE3,T,1,0,1,2,0,no,no,no,yes,no,2
STU_10294,M,17,U,GT3,T,3,0,1,3,1,no,yes,no,yes,yes,3
STU_10295,M,21,U,LE3,T,4,3,1,2,0,yes,no,yes,no,no,4
STU_10296,M,18,U,GT3,A,1,4,4,2,0,no,no,no,no,no,3
STU_10297,M,19,U,GT3,A,2,3,1,2,0,no,yes,yes,no,yes,3
STU_10298,M,18,R,LE3,A,4,4,2,4,0,yes,no,no,yes,yes,3
STU_10299,F,21,U,LE3,A,2,0,2,2,0,yes,no,no,yes,no,5
STU_10300,M,19,R,LE3,A,0,0,3,2,1,no,no,yes,yes,yes,4
STU_10301,M,18,U,GT3,T,2,4,2,1,0,no,no,yes,yes,no,3
STU_10302,F,18,R,LE3,A,4,0,1,2,0,no,yes,yes,no,yes,4
STU_10303,F,19,U,LE3,T,0,2,2,2,2,yes,yes,no,no,no,3
STU_10304,M,18,U,GT3,T,2,4,2,3,0,no,yes,yes,yes,no,2
STU_10305,M,18,U,LE3,T,2,0,1,3,0,no,yes,no,yes,yes,2
STU_10306,F,19,U,LE3,A,4,4,1,1,0,no,yes,no,yes,yes,4
STU_10307,F,19,R,LE3,T,2,3,1,2,3,yes,no,no,yes,yes,2
STU_10308,F,19,U,LE3,T,4,2,1,2,0,no,no,no,no,yes,5
STU_10309,F,20,R,GT3,T,4,2,1,2,0,yes,yes,no,yes,no,2
STU_10310,M,19,R,GT3,A,4,1,1,1,0,yes,yes,no,yes,no,2
STU_10311,M,18,U,LE3,A,1,0,2,3,0,no,no,no,no,yes,2
STU_10312,M,18,U,GT3,T,4,1,1,1,0,no,yes,no,no,yes,4
STU_10313,F,19,U,LE3,T,0,3,2,1,0,no,yes,yes,yes,yes,2
STU_10314,F,21,R,GT3,A,1,3,1,1,0,no,no,no,yes,yes,4
STU_10315,F,20,U,LE3,A,0,4,1,3,2,yes,no,no,no,no,3
STU_10316,F,18,R,LE3,T,3,3,1,2,0,yes,no,no,no,no,1
STU_10317,M,19,U,GT3,T,2,2,2,4,1,yes,yes,yes,no,no,1
STU_10318,F,20,U,GT3,A,0,1,3,2,0,yes,yes,yes,yes,yes,4
STU_10319,F,18,R,GT3,T,0,1,4,1,1,yes,no,no,no,yes,5
STU_10320,F,18,R,GT3,A,3,0,2,1,1,no,yes,yes,yes,yes,1
STU_10321,F,17,U,GT3,A,0,0,1,4,0,no,yes,no,no,yes,1
STU_10322,F,18,R,LE3,A,4,0,1,1,0,no,no,no,yes,yes,5
STU_10323,M,18,U,GT3,A,3,4,2,2,0,no,yes,no,no,no,2
STU_10324,M,20,U,LE3,T,0,3,2,1,1,no,no,yes,no,no,5
STU_10325,M,17,U,GT3,A,0,2,1,2,1,yes,no,no,no,yes,2
STU_10326,M,18,R,GT3,A,0,1,1,2,1,no,no,no,yes,no,5
STU_10327,F,19,U,LE3,A,2,0,4,2,0,no,yes,no,yes,yes,3
STU_10328,F,20,R,GT3,T,3,1,1,3,0,no,yes,yes,no,yes,2
STU_10329,M,19,U,GT3,T,1,2,3,3,0,no,yes,yes,yes,yes,1
STU_10330,F,18,U,LE3,A,0,4,3,2,1,yes,no,yes,no,yes,3
STU_10331,M,18,R,GT3,A,0,2,1,2,0,yes,yes,no,no,no,2
STU_10332,F,19,U,LE3,A,4,2,1,1,0,yes,yes,no,yes,yes,4
STU_10333,F,18,R,GT3,A,2,1,2,2,0,no,yes,yes,no,yes,4
STU_10334,F,19,R,GT3,T,1,1,3,2,2,no,yes,no,no,no,4
STU_10335,M,18,U,GT3,A,3,1,1,2,0,yes,no,yes,no,yes,3
STU_10336,F,19,R,LE3,T,4,1,4,2,0,no,no,no,yes,yes,1
STU_10337,F,18,R,GT3,T,3,1,1,2,0,no,no,no,yes,yes,2
STU_10338,M,21,U,LE3,T,3,4,1,2,0,yes,no,no,no,no,3
STU_10339,M,19,R,LE3,A,0,2,3,4,0,no,yes,no,yes,yes,4
STU_10340,F,19,R,GT3,A,3,4,1,1,0,no,no,no,yes,no,2
STU_10341,M,17,U,LE3,A,3,1,1,2,0,no,no,yes,no,no,5
STU_10342,F,18,U,LE3,A,4,0,2,3,0,no,no,no,yes,yes,5
STU_10343,F,20,U,GT3,T,1,4,4,4,1,no,yes,yes,yes,no,1
STU_10344,F,19,R,LE3,A,3,4,3,2,0,no,no,no,yes,yes,5
STU_10345,F,20,R,LE3,A,4,1,2,2,0,yes,no,no,yes,yes,5
STU_10346,M,21,R,GT3,T,4,2,1,2,0,yes,yes,no,no,yes,3
STU_10347,M,19,U,GT3,T,1,4,3,1,0,no,no,yes,no,yes,2
STU_10348,F,18,R,LE3,T,1,3,1,2,0,yes,no,no,no,no,2
STU_10349,F,17,R,GT3,A,4,0,1,2,0,no,no,no,no,no,1
STU_10350,F,19,R,GT3,T,4,1,1,2,3,no,yes,yes,yes,yes,4
STU_10351,M,19,R,GT3,T,2,2,1,1,0,yes,yes,yes,yes,yes,4
STU_10352,M,21,U,GT3,A,3,0,2,4,0,no,no,no,yes,yes,3
STU_10353,M,18,R,LE3,A,2,1,1,2,2,no,yes,no,yes,yes,5
STU_10354,F,18,U,GT3,A,0,0,1,2,0,no,yes,no,yes,yes,1
STU_10355,F,18,R,GT3,T,4,3,1,2,0,yes,yes,yes,no,no,1
STU_10356,F,18,R,GT3,T,0,2,1,4,0,no,no,yes,yes,yes,4
STU_10357,M,18,R,LE3,A,3,0,3,2,0,yes,yes,yes,yes,no,4
STU_10358,M,20,R,GT3,A,0,0,1,2,0,no,yes,yes,no,yes,5
STU_10359,M,21,U,LE3,A,0,3,3,2,0,yes,yes,yes,yes,no,1
STU_10360,F,19,U,LE3,T,3,4,2,1,1,no,no,no,no,yes,5
STU_10361,M,18,U,LE3,T,2,0,1,1,0,no,yes,no,yes,yes,2
STU_10362,M,20,R,LE3,T,3,0,1,1,0,no,no,no,yes,yes,2
STU_10363,F,19,R,LE3,T,4,0,2,3,0,yes,no,no,no,yes,5
STU_10364,M,18,U,GT3,T,3,1,1,1,1,no,no,yes,yes,yes,1
STU_10365,F,18,R,GT3,A,4,3,1,3,2,yes,yes,yes,no,yes,1
STU_10366,M,20,R,GT3,T,2,1,2,2,0,no,yes,no,yes,yes,4
STU_10367,F,18,R,LE3,T,4,3,1,2,0,yes,no,no,yes,no,2
STU_10368,M,19,U,GT3,T,0,3,1,1,0,no,yes,yes,yes,yes,4
STU_10369,F,21,U,GT3,A,2,0,2,3,0,no,no,yes,yes,yes,4
STU_10370,M,17,R,LE3,A,4,3,1,3,1,no,no,yes,yes,yes,4
STU_10371,M,18,R,LE3,T,0,3,2,1,0,yes,no,no,yes,no,2
STU_10372,F,19,U,LE3,A,2,4,1,2,0,yes,yes,no,yes,no,1
STU_10373,M,18,R,LE3,A,2,1,2,3,0,yes,yes,no,yes,yes,4
STU_10374,M,20,U,GT3,A,2,4,2,2,0,no,no,no,yes,no,5
STU_10375,F,19,R,LE3,T,3,0,1,3,0,yes,yes,yes,no,yes,2
STU_10376,F,18,U,LE3,A,3,4,3,2,0,yes,no,yes,yes,yes,2
STU_10377,F,19,R,GT3,A,4,4,2,2,0,yes,no,yes,no,yes,4
STU_10378,F,22,U,LE3,A,2,3,4,2,0,no,yes,yes,yes,yes,2
STU_10379,M,17,R,LE3,A,2,2,1,2,0,no,no,yes,no,no,5
STU_10380,M,19,U,LE3,A,3,1,3,4,0,no,no,no,no,yes,5
STU_10381,F,18,U,GT3,T,1,4,1,1,0,yes,no,no,yes,no,1
STU_10382,M,19,U,GT3,T,0,0,1,2,0,yes,no,yes,no,no,5
STU_10383,M,21,R,GT3,T,3,2,1,1,0,no,no,yes,yes,no,4
STU_10384,F,18,R,GT3,T,4,4,1,1,0,no,yes,no,yes,yes,4
STU_10385,F,19,R,LE3,T,1,3,1,2,1,no,no,no,no,yes,1
STU_10386,M,18,R,GT3,T,2,3,1,4,0,yes,yes,no,no,yes,5
STU_10387,F,19,R,GT3,A,0,2,1,2,1,yes,yes,yes,no,no,2
STU_10388,F,18,R,GT3,A,2,0,1,2,2,yes,yes,yes,yes,no,3
STU_10389,F,18,R,LE3,A,1,0,1,2,1,no,no,yes,yes,yes,2
STU_10390,M,20,U,GT3,A,0,0,2,4,0,no,no,yes,no,no,2
STU_10391,F,17,U,LE3,T,1,1,1,1,3,no,yes,yes,yes,no,4
STU_10392,M,18,U,LE3,A,0,2,1,2,0,yes,yes,yes,yes,yes,3
STU_10393,M,18,R,GT3,A,1,4,2,2,0,yes,yes,yes,yes,yes,3
STU_10394,M,21,U,LE3,T,4,3,1,2,0,yes,yes,no,no,no,2
STU_10395,M,19,R,LE3,A,0,4,1,3,0,yes,yes,no,no,yes,4
STU_10396,F,19,R,GT3,T,4,3,1,3,0,yes,no,no,yes,yes,4
STU_10397,M,18,U,LE3,T,3,3,2,4,0,yes,yes,no,yes,no,2
STU_10398,F,18,R,GT3,A,4,4,1,3,0,no,no,no,no,no,5
STU_10399,F,18,R,LE3,T,2,3,1,2,0,yes,yes,yes,no,yes,2
STU_10400,F,19,R,LE3,A,4,4,1,1,1,no,no,yes,no,no,4
STU_10401,F,19,U,LE3,A,0,3,1,3,0,yes,yes,yes,no,yes,4
STU_10402,F,18,R,GT3,T,4,3,2,2,0,no,yes,yes,no,no,4
STU_10403,F,19,R,GT3,A,0,0,2,1,0,yes,no,no,yes,no,3
STU_10404,F,19,U,LE3,T,1,2,2,4,0,no,yes,no,yes,yes,5
STU_10405,F,17,R,GT3,A,0,3,2,4,0,no,no,yes,no,yes,2
STU_10406,F,19,R,LE3,A,2,3,1,2,3,yes,yes,no,no,yes,3
STU_10407,F,20,U,LE3,A,2,0,2,2,0,no,yes,no,no,no,5
STU_10408,F,18,R,GT3,A,4,1,3,2,0,yes,no,yes,no,no,5
STU_10409,F,21,U,LE3,A,3,1,1,3,1,no,no,no,yes,yes,4
STU_10410,F,20,U,GT3,T,3,1,1,1,0,no,no,no,no,no,1
STU_10411,M,18,U,LE3,A,2,4,1,3,2,no,yes,yes,yes,no,5
STU_10412,F,21,R,GT3,T,3,1,1,2,0,yes,no,no,yes,yes,5
STU_10413,M,20,R,GT3,A,1,3,1,1,0,no,no,no,no,yes,4
STU_10414,F,19,U,GT3,A,3,1,4,3,2,no,no,no,no,yes,5
STU_10415,M,20,U,LE3,A,4,3,1,4,0,yes,yes,no,no,yes,4
STU_10416,F,18,U,GT3,T,1,3,2,3,1,no,yes,no,yes,no,4
STU_10417,F,21,R,GT3,T,1,2,1,2,0,no,no,yes,yes,yes,4
STU_10418,M,17,U,GT3,A,4,0,1,1,0,yes,no,no,no,no,2
STU_10419,F,18,R,GT3,T,0,3,1,2,0,yes,yes,yes,yes,yes,4
STU_10420,M,18,U,LE3,A,4,3,2,1,2,yes,yes,yes,no,no,4
STU_10421,M,18,U,LE3,A,2,3,1,2,0,yes,no,yes,no,yes,4
STU_10422,M,17,R,LE3,A,1,2,2,2,0,no,yes,no,no,yes,4
STU_10423,F,20,R,LE3,T,4,0,1,4,0,no,yes,yes,no,no,3
STU_10424,F,19,U,LE3,T,2,1,1,4,1,yes,yes,no,no,yes,3
STU_10425,M,18,U,GT3,A,2,3,1,3,0,no,no,no,yes,no,4
STU_10426,M,19,R,LE3,T,1,0,1,1,0,no,no,yes,no,yes,4
STU_10427,F,23,R,GT3,A,0,1,1,1,1,yes,yes,no,yes,yes,5
STU_10428,M,19,U,LE3,A,0,2,1,2,0,no,no,yes,no,yes,1
STU_10429,M,19,R,GT3,A,4,0,1,1,0,no,no,yes,yes,yes,3
STU_10430,F,20,U,GT3,T,3,2,1,4,1,yes,yes,yes,yes,no,4
STU_10431,F,19,U,LE3,A,3,3,2,4,2,yes,no,yes,no,yes,4
STU_10432,F,21,R,GT3,A,0,3,2,2,0,no,yes,yes,no,no,2
STU_10433,M,21,U,GT3,A,3,0,3,2,0,yes,no,yes,no,no,5
STU_10434,M,19,U,LE3,A,3,0,1,3,1,no,no,yes,yes,yes,4
STU_10435,M,20,R,LE3,T,3,2,1,3,1,no,no,no,yes,yes,2
STU_10436,M,20,R,LE3,A,4,0,1,1,0,no,no,no,no,no,5
STU_10437,F,19,R,GT3,T,1,1,1,1,0,yes,yes,yes,no,yes,2
STU_10438,F,20,U,LE3,A,3,1,1,1,0,yes,no,no,no,yes,4
STU_10439,M,18,R,LE3,A,0,0,2,3,3,no,no,yes,no,no,4
STU_10440,F,18,U,LE3,A,4,2,2,2,0,no,yes,no,no,no,4
STU_10441,M,18,U,GT3,A,3,1,1,2,0,no,yes,no,no,no,3
STU_10442,F,20,U,LE3,A,0,3,1,1,0,yes,no,no,no,yes,2
STU_10443,M,23,R,GT3,A,1,1,2,3,0,yes,no,no,yes,yes,1
STU_10444,M,19,R,GT3,T,4,2,3,3,1,yes,yes,no,no,yes,1
STU_10445,M,20,U,LE3,T,0,1,3,1,0,no,no,yes,yes,no,3
STU_10446,M,18,U,GT3,A,0,1,2,2,0,yes,yes,no,no,no,3
STU_10447,M,18,R,LE3,T,3,3,3,3,2,no,yes,no,yes,yes,5
STU_10448,M,18,R,GT3,T,3,0,1,1,2,yes,yes,no,no,no,5
STU_10449,F,20,R,GT3,T,2,4,2,1,0,yes,no,no,no,yes,3
STU_10450,M,17,R,GT3,T,4,4,1,1,0,no,yes,yes,yes,no,2
STU_10451,F,20,U,LE3,A,2,4,1,1,0,yes,no,no,yes,no,3
STU_10452,M,20,U,GT3,A,2,4,2,3,0,yes,yes,no,yes,no,4
STU_10453,M,18,R,GT3,T,0,0,1,1,0,yes,no,no,no,no,5
STU_10454,F,19,R,GT3,A,1,1,1,2,0,yes,yes,no,no,yes,2
STU_10455,F,21,U,GT3,T,0,2,2,1,0,no,no,no,no,no,4
STU_10456,M,20,U,GT3,T,2,2,1,3,0,yes,no,yes,yes,no,4
STU_10457,F,19,R,GT3,A,4,1,2,2,0,no,no,yes,no,yes,5
STU_10458,F,18,R,GT3,T,3,2,2,3,0,no,yes,yes,yes,yes,5
STU_10459,M,20,U,LE3,T,0,2,2,1,0,no,yes,no,no,yes,4
STU_10460,M,18,U,GT3,T,4,2,1,1,3,yes,no,yes,yes,no,1
STU_10461,M,18,R,LE3,T,4,2,1,3,0,yes,no,yes,no,no,3
STU_10462,F,21,U,LE3,T,1,4,2,2,1,no,yes,no,yes,no,4
STU_10463,F,18,U,GT3,T,0,2,2,2,0,yes,no,no,no,yes,5
STU_10464,M,20,U,GT3,T,1,4,4,4,0,yes,yes,no,no,yes,1
STU_10465,M,21,R,GT3,A,3,2,2,1,1,no,yes,yes,yes,no,1
STU_10466,F,19,U,GT3,A,1,4,1,3,1,no,no,no,no,yes,3
STU_10467,F,18,R,LE3,T,0,4,1,4,0,no,no,no,yes,yes,5
STU_10468,M,21,R,LE3,A,3,4,1,1,1,yes,yes,no,no,yes,4
STU_10469,M,18,U,GT3,A,1,0,2,2,1,yes,yes,no,no,yes,3
STU_10470,F,21,U,LE3,T,3,0,3,2,0,yes,yes,yes,yes,yes,2
STU_10471,F,21,U,GT3,T,0,4,2,2,1,yes,no,yes,no,no,4
STU_10472,F,18,R,GT3,A,4,0,3,1,0,no,no,no,yes,no,2
STU_10473,F,18,U,LE3,A,0,1,1,2,0,yes,yes,no,no,yes,5
STU_10474,F,20,U,LE3,A,1,2,2,3,0,yes,yes,no,yes,no,5
STU_10475,M,18,U,LE3,A,2,0,2,1,1,yes,no,no,yes,yes,1
STU_10476,M,18,R,GT3,T,4,3,1,2,0,yes,no,no,no,no,5
STU_10477,M,18,U,GT3,A,4,1,1,1,0,yes,yes,no,no,no,4
STU_10478,F,18,U,LE3,T,1,2,2,2,0,no,no,yes,yes,no,3
STU_10479,F,18,U,LE3,T,1,4,2,2,0,no,yes,yes,yes,yes,3
STU_10480,M,19,R,GT3,A,4,2,1,1,0,yes,no,yes,yes,yes,2
STU_10481,F,19,U,GT3,A,3,1,1,3,0,yes,yes,no,yes,yes,2
STU_10482,F,19,R,LE3,T,1,1,1,1,0,yes,no,yes,yes,yes,1
STU_10483,M,20,U,LE3,T,3,0,1,1,0,no,no,yes,no,yes,1
STU_10484,M,21,U,LE3,T,4,3,2,2,0,yes,yes,yes,no,yes,3
STU_10485,M,18,R,LE3,A,1,0,2,3,0,yes,no,no,no,no,2
STU_10486,F,20,R,GT3,A,2,4,1,4,0,yes,yes,yes,yes,no,2
STU_10487,F,18,R,GT3,T,2,2,2,1,0,no,no,yes,yes,no,5
STU_10488,F,19,R,GT3,A,2,3,1,2,0,yes,no,yes,no,yes,3
STU_10489,M,20,U,LE3,T,0,2,1,1,0,no,no,no,no,yes,5
STU_10490,M,23,R,LE3,A,2,2,2,2,0,yes,no,yes,no,yes,2
STU_10491,M,19,R,GT3,A,0,2,2,2,2,no,yes,no,no,yes,3
STU_10492,M,19,U,GT3,T,3,2,1,2,0,no,no,no,yes,yes,2
STU_10493,M,22,R,GT3,A,1,3,1,2,0,no,no,no,yes,yes,1
STU_10494,M,17,R,LE3,T,1,0,3,2,0,no,yes,no,yes,no,5
STU_10495,M,18,R,GT3,T,0,1,1,2,0,yes,yes,yes,no,no,4
STU_10496,M,19,R,LE3,A,2,1,1,1,0,no,yes,no,no,no,4
STU_10497,M,20,R,GT3,A,2,3,2,3,0,yes,yes,no,no,no,2
STU_10498,M,18,U,LE3,T,2,4,1,4,0,yes,no,no,yes,no,1
STU_10499,M,19,R,GT3,A,1,2,1,1,0,no,no,no,no,yes,4
STU_10500,M,17,U,LE3,A,3,3,1,1,0,no,yes,no,no,yes,2
STU_10501,M,19,U,GT3,T,4,3,1,2,0,no,yes,no,no,yes,2
STU_10502,M,21,U,GT3,T,4,0,1,2,0,yes,yes,no,yes,yes,3
STU_10503,M,18,U,GT3,T,0,2,2,2,0,yes,yes,yes,yes,no,5
STU_10504,M,20,R,LE3,T,4,3,3,1,0,no,no,yes,yes,no,3
STU_10505,M,18,R,LE3,T,2,4,1,1,0,no,no,yes,yes,no,1
STU_10506,F,23,R,LE3,A,1,2,4,2,0,yes,no,no,yes,yes,2
STU_10507,M,19,U,GT3,T,3,1,2,1,0,no,yes,yes,no,yes,1
STU_10508,M,21,R,GT3,T,2,2,2,3,0,no,no,yes,yes,no,3
STU_10509,M,18,U,LE3,T,4,3,1,1,0,yes,no,yes,yes,yes,2
STU_10510,M,18,U,LE3,T,4,0,1,2,0,yes,yes,no,yes,yes,3
STU_10511,F,19,U,GT3,A,0,2,1,1,0,no,yes,no,yes,no,4
STU_10512,M,20,R,LE3,T,2,3,1,2,0,no,yes,no,yes,no,2
STU_10513,M,21,U,LE3,A,3,3,3,4,3,no,no,no,no,yes,4
STU_10514,M,23,U,GT3,T,1,3,4,3,1,no,no,no,yes,no,4
STU_10515,M,18,U,GT3,T,1,2,2,4,0,yes,yes,yes,yes,yes,4
STU_10516,F,20,U,LE3,A,1,3,1,2,2,no,no,no,yes,yes,5
STU_10517,F,20,R,LE3,A,2,0,4,3,0,yes,no,no,no,no,2
STU_10518,M,18,U,LE3,A,1,4,3,2,1,yes,yes,yes,yes,yes,3
STU_10519,F,19,U,LE3,T,2,0,1,2,0,yes,no,no,yes,yes,1
STU_10520,F,20,U,LE3,T,1,4,2,2,0,no,no,no,no,no,3
STU_10521,F,19,R,GT3,T,2,3,1,1,0,no,yes,yes,no,no,2
STU_10522,M,19,R,LE3,A,3,4,2,3,0,yes,yes,no,yes,no,1
STU_10523,F,19,U,GT3,A,4,0,1,4,2,no,yes,no,no,yes,2
STU_10524,M,18,U,GT3,A,1,3,4,2,0,yes,yes,yes,yes,yes,4
STU_10525,M,18,R,GT3,A,1,2,2,4,0,yes,no,yes,no,yes,5
STU_10526,M,19,R,GT3,A,1,1,1,2,0,no,yes,yes,no,yes,3
STU_10527,F,19,U,GT3,T,4,4,1,2,0,no,yes,yes,yes,no,1
STU_10528,F,18,R,LE3,A,3,1,2,1,0,yes,no,no,yes,no,5
STU_10529,F,19,U,GT3,A,3,0,4,2,1,yes,yes,yes,yes,no,4
STU_10530,F,23,U,LE3,A,2,3,2,4,1,no,yes,no,no,yes,5
STU_10531,F,18,R,LE3,A,3,1,2,2,0,yes,yes,yes,yes,yes,3
STU_10532,M,19,U,GT3,A,1,0,1,4,0,yes,yes,no,no,yes,4
STU_10533,M,17,U,GT3,A,2,4,4,2,0,yes,no,no,no,no,3
STU_10534,M,18,U,LE3,A,4,1,1,2,0,no,yes,yes,no,no,4
STU_10535,F,19,U,GT3,T,4,1,1,3,0,no,yes,yes,yes,yes,2
STU_10536,M,17,R,GT3,T,0,1,2,2,0,no,yes,yes,yes,no,3
STU_10537,M,19,U,LE3,A,0,4,3,2,0,yes,no,no,no,yes,1
STU_10538,M,18,U,LE3,A,1,1,2,1,0,yes,no,yes,no,no,4
STU_10539,M,19,U,GT3,A,1,4,1,2,0,yes,no,yes,no,yes,3
STU_10540,F,18,U,LE3,A,0,4,1,2,0,yes,no,no,no,yes,2
STU_10541,F,17,R,LE3,A,0,0,1,3,0,no,yes,no,no,no,5
STU_10542,M,21,U,GT3,A,1,2,2,2,1,no,no,yes,no,yes,5
STU_10543,M,19,U,GT3,A,0,2,2,1,0,no,yes,no,no,no,5
STU_10544,F,18,R,LE3,A,0,2,1,2,0,yes,yes,yes,yes,yes,5
STU_10545,M,18,R,GT3,T,3,4,3,1,0,yes,no,yes,yes,yes,4
STU_10546,F,18,U,GT3,T,4,1,1,2,0,no,yes,no,no,no,2
STU_10547,F,22,R,LE3,T,2,2,1,2,0,no,yes,no,yes,no,5
STU_10548,F,18,U,GT3,A,2,2,1,2,0,no,no,yes,yes,no,4
STU_10549,M,18,U,GT3,T,3,0,1,2,0,no,no,no,no,no,2
STU_10550,F,18,R,GT3,T,1,2,2,1,1,yes,yes,yes,no,yes,2
STU_10551,F,19,R,LE3,T,1,3,4,4,0,no,no,yes,no,no,5
STU_10552,F,18,U,LE3,T,1,2,1,3,0,no,no,yes,no,no,3
STU_10553,F,19,R,LE3,T,4,1,1,3,1,yes,no,yes,no,yes,5
STU_10554,M,18,U,LE3,T,1,3,1,4,2,no,yes,yes,yes,yes,4
STU_10555,F,19,U,LE3,A,3,3,1,2,0,yes,no,no,no,no,4
STU_10556,M,18,U,LE3,T,0,0,2,2,0,no,yes,no,yes,no,4
STU_10557,F,18,U,LE3,T,4,1,1,3,0,no,yes,no,yes,no,1
STU_10558,M,18,U,LE3,T,1,3,3,1,0,no,no,no,yes,yes,1
STU_10559,M,18,R,GT3,A,3,0,3,1,0,yes,yes,no,yes,no,1
STU_10560,M,20,U,GT3,A,4,4,4,1,1,no,no,no,no,yes,2
STU_10561,M,18,U,LE3,A,4,4,1,3,0,no,yes,yes,yes,yes,5
STU_10562,M,18,U,GT3,T,2,0,2,1,1,yes,yes,no,no,no,1
STU_10563,F,20,R,GT3,A,0,0,2,1,2,yes,no,yes,yes,no,3
STU_10564,M,20,U,GT3,A,1,4,2,3,0,no,yes,no,no,yes,4
STU_10565,M,19,R,LE3,T,1,4,1,3,0,yes,no,yes,yes,no,5
STU_10566,M,18,U,GT3,T,3,3,1,2,0,yes,yes,no,no,yes,1
STU_10567,M,20,U,LE3,T,0,2,1,2,0,yes,yes,no,yes,yes,2
STU_10568,F,20,R,LE3,A,2,3,1,1,0,yes,yes,yes,yes,no,1
STU_10569,F,18,U,LE3,T,3,3,1,2,0,no,yes,no,yes,yes,2
STU_10570,M,22,R,GT3,T,4,2,1,4,2,yes,yes,yes,no,no,5
STU_10571,M,19,U,GT3,A,2,0,1,2,0,no,yes,yes,yes,yes,3
STU_10572,M,18,R,LE3,T,4,3,4,2,0,yes,yes,no,no,no,4
STU_10573,F,19,R,GT3,T,1,3,1,2,0,yes,no,yes,no,yes,1
STU_10574,M,18,U,LE3,A,4,3,4,4,0,no,no,yes,no,no,2
STU_10575,F,18,U,LE3,T,0,1,1,1,2,no,yes,yes,yes,no,5
STU_10576,M,17,R,LE3,T,1,0,1,3,0,yes,no,yes,no,no,4
STU_10577,F,19,U,GT3,T,1,0,3,1,1,yes,yes,no,no,no,5
STU_10578,F,21,R,LE3,A,1,2,4,2,3,yes,yes,no,yes,yes,4
STU_10579,M,20,U,GT3,A,2,3,2,1,1,no,yes,no,yes,yes,1
STU_10580,F,19,R,LE3,T,2,1,1,1,0,no,yes,yes,yes,yes,3
STU_10581,M,22,U,GT3,T,0,2,1,2,3,no,no,yes,no,no,3
STU_10582,M,20,U,GT3,A,4,0,1,3,0,no,no,yes,no,yes,2
STU_10583,F,18,U,LE3,T,1,1,4,2,3,no,no,yes,no,no,3
STU_10584,F,17,R,LE3,T,4,4,1,1,0,no,yes,yes,yes,no,5
STU_10585,M,19,R,GT3,T,2,1,1,2,0,yes,yes,no,no,no,3
STU_10586,F,19,U,LE3,A,0,2,3,2,1,yes,no,no,no,no,1
STU_10587,F,19,R,LE3,T,1,4,1,3,0,yes,no,yes,yes,no,4
STU_10588,M,18,R,GT3,T,0,1,2,4,2,no,yes,no,no,yes,3
STU_10589,F,23,R,LE3,A,0,2,1,2,2,yes,yes,no,yes,no,1
STU_10590,F,20,R,LE3,T,1,0,4,2,0,yes,yes,yes,yes,no,4
STU_10591,M,18,R,GT3,T,2,1,2,1,2,no,no,yes,yes,no,4
STU_10592,F,19,U,GT3,A,4,3,2,2,1,yes,yes,yes,no,no,1
STU_10593,M,21,U,GT3,A,0,3,1,3,3,yes,no,yes,yes,yes,2
STU_10594,F,19,U,GT3,T,2,1,4,4,0,yes,no,no,yes,no,3
STU_10595,M,19,R,GT3,A,2,2,2,2,3,no,yes,yes,no,no,3
STU_10596,M,19,U,GT3,A,2,3,2,3,2,yes,yes,yes,yes,yes,5
STU_10597,F,18,U,GT3,T,2,3,1,3,0,yes,yes,no,yes,no,4
STU_10598,F,21,R,LE3,A,1,4,1,3,0,no,yes,yes,no,yes,1
STU_10599,M,18,R,GT3,A,1,4,4,1,3,yes,no,yes,no,yes,4
STU_10600,M,19,R,LE3,A,1,0,2,1,0,no,no,yes,no,yes,1
