student_id,gender,age,address,famsize,Pstatus,Medu,Fedu,traveltime,studytime,failures,schoolsup,famsup,paid,activities,internet,health,total_sessions,attended_sessions,attendance_percentage,average_internal_marks,min_internal_mark,max_internal_mark,total_assessments_taken,total_submitted_assignments,quiz_attempts_avg,total_forum_posts,avg_weekly_learning_hours,total_lms_logins,assignment_completion_rate,previous_score_trend,dropout_risk,risk_category
STU_10001,M,17,R,LE3,T,1,0,2,3,0,no,yes,yes,yes,yes,2,40,29,72.5,41.08,16.0,62.0,16,8,2.0,3,3.1,61,40.0,41.07,1,High Risk (Intervention Required)
STU_10002,M,19,R,LE3,A,4,2,2,1,1,no,no,no,yes,yes,3,40,37,92.5,80.79,52.5,100.0,16,18,6.0,22,13.56,209,90.0,78.24,0,Low Risk (On Track)
STU_10003,M,18,U,GT3,A,4,2,2,3,0,no,yes,no,no,yes,1,40,39,97.5,86.4,61.66666666666667,100.0,16,20,5.5,17,6.13,226,100.0,86.99,0,Low Risk (On Track)
STU_10004,M,19,R,LE3,T,0,3,1,2,0,no,no,yes,no,yes,5,40,32,80.0,85.43,58.5,100.0,16,18,6.0,15,11.08,193,90.0,89.52,0,Low Risk (On Track)
STU_10005,M,19,U,LE3,A,3,2,4,2,0,no,yes,yes,yes,no,4,40,38,95.0,37.77,4.666666666666666,70.66666666666667,16,17,5.5,19,10.13,230,85.0,34.83,1,High Risk (Intervention Required)
STU_10006,F,18,R,LE3,A,3,3,1,1,0,no,no,no,no,yes,2,40,36,90.0,79.8,47.333333333333336,100.0,16,15,1.25,4,2.95,66,75.0,76.86,0,Low Risk (On Track)
STU_10007,F,18,U,LE3,T,1,3,2,2,0,no,no,yes,yes,no,3,39,30,76.92,77.14,43.49999999999999,100.0,14,18,6.0,19,12.08,228,90.0,81.46,0,Low Risk (On Track)
STU_10008,M,18,U,GT3,T,2,4,2,2,0,no,yes,yes,no,yes,5,40,37,92.5,83.1,53.0,100.0,16,18,6.25,20,11.27,203,90.0,84.17,0,Low Risk (On Track)
STU_10009,M,19,R,LE3,T,2,2,1,1,0,yes,yes,no,yes,yes,2,40,39,97.5,38.07,0.0,85.0,16,19,5.0,24,9.9,169,95.0,34.19,1,High Risk (Intervention Required)
STU_10010,F,21,U,GT3,A,1,4,2,2,0,no,no,no,no,yes,2,40,32,80.0,82.08,54.50000000000001,100.0,16,18,6.75,18,8.83,192,90.0,82.25,0,Low Risk (On Track)
STU_10011,M,18,U,LE3,T,0,0,2,1,0,yes,no,yes,yes,no,4,40,38,95.0,83.21,59.00000000000001,100.0,16,5,1.75,7,3.19,66,25.0,79.36,0,Low Risk (On Track)
STU_10012,M,19,R,LE3,A,3,1,1,2,0,no,no,yes,yes,yes,4,40,38,95.0,79.36,38.5,100.0,16,17,5.0,17,8.5,210,85.0,75.5,0,Low Risk (On Track)
STU_10013,F,20,U,LE3,T,1,4,1,2,0,yes,yes,no,yes,yes,5,40,33,82.5,41.74,15.333333333333332,79.5,16,18,5.0,14,8.2,175,90.0,40.71,1,High Risk (Intervention Required)
STU_10014,M,22,U,LE3,A,3,3,1,2,0,no,yes,no,no,no,3,40,34,85.0,85.35,44.00000000000001,100.0,16,18,6.25,29,8.24,207,90.0,75.7,0,Low Risk (On Track)
STU_10015,F,19,R,LE3,T,2,1,4,2,0,no,yes,yes,no,yes,1,40,34,85.0,81.95,50.0,100.0,16,19,5.5,21,10.42,230,95.0,73.05,0,Low Risk (On Track)
STU_10016,M,21,U,LE3,T,3,0,3,2,0,yes,yes,no,no,no,2,40,30,75.0,81.27,32.33333333333333,100.0,16,11,1.5,2,2.42,52,55.0,77.02,0,Low Risk (On Track)
STU_10017,F,18,R,LE3,A,3,2,3,4,0,yes,yes,yes,no,yes,3,40,39,97.5,34.65,0.0,74.0,16,18,6.5,33,12.64,209,90.0,28.6,1,High Risk (Intervention Required)
STU_10018,M,21,R,GT3,T,3,4,2,2,3,yes,no,yes,yes,no,1,40,36,90.0,84.08,59.5,100.0,16,20,5.25,14,10.88,211,100.0,83.34,0,Low Risk (On Track)
STU_10019,M,20,U,GT3,A,4,1,2,1,0,no,no,no,yes,yes,4,40,34,85.0,83.6,61.5,100.0,16,18,6.5,29,11.02,231,90.0,77.97,0,Low Risk (On Track)
STU_10020,F,17,R,LE3,A,1,3,2,2,0,yes,yes,yes,no,yes,4,40,38,95.0,79.83,59.0,94.5,16,17,5.75,27,10.56,179,85.0,72.18,0,Low Risk (On Track)
STU_10021,M,17,R,LE3,A,1,1,2,2,0,no,yes,yes,yes,yes,4,40,38,95.0,38.41,17.0,64.5,16,8,1.75,1,2.6,61,40.0,42.27,1,High Risk (Intervention Required)
STU_10022,M,18,R,GT3,T,2,1,2,1,1,no,yes,yes,no,no,3,40,32,80.0,83.68,63.0,100.0,16,18,5.0,19,9.13,221,90.0,80.78,0,Low Risk (On Track)
STU_10023,M,18,U,GT3,A,2,0,4,2,0,no,no,yes,yes,no,2,40,39,97.5,82.6,50.5,100.0,16,18,6.25,19,9.31,242,90.0,80.87,0,Low Risk (On Track)
STU_10024,F,17,R,GT3,A,3,4,4,1,1,yes,no,yes,no,yes,5,40,39,97.5,87.83,55.666666666666664,100.0,16,18,5.75,19,10.7,251,90.0,80.13,0,Low Risk (On Track)
STU_10025,M,18,U,GT3,A,0,2,1,2,0,no,yes,yes,no,no,2,40,35,87.5,42.45,9.000000000000002,67.0,16,19,5.75,9,10.06,199,95.0,38.27,1,High Risk (Intervention Required)
STU_10026,F,19,U,GT3,A,1,3,2,2,0,no,no,yes,no,yes,1,40,39,97.5,75.49,40.666666666666664,100.0,16,11,1.5,2,2.86,71,55.0,73.93,0,Low Risk (On Track)
STU_10027,F,19,R,LE3,T,2,1,2,1,0,no,yes,no,no,yes,4,40,38,95.0,83.16,62.0,100.0,16,19,5.25,28,12.04,180,95.0,76.56,0,Low Risk (On Track)
STU_10028,F,18,U,LE3,T,3,1,1,4,0,yes,yes,yes,no,yes,4,40,33,82.5,81.17,38.5,100.0,16,18,7.0,29,10.65,202,90.0,80.67,0,Low Risk (On Track)
STU_10029,F,22,R,GT3,A,1,3,1,3,1,no,no,yes,no,no,1,40,37,92.5,36.67,0.0,70.0,16,18,5.25,19,11.95,217,90.0,32.27,1,High Risk (Intervention Required)
STU_10030,F,18,R,GT3,T,1,1,1,2,0,yes,no,no,no,no,4,40,37,92.5,77.52,47.333333333333336,100.0,16,18,7.0,11,10.28,222,90.0,74.35,0,Low Risk (On Track)
STU_10031,M,18,R,GT3,T,4,3,1,4,0,no,no,yes,no,yes,3,40,36,90.0,81.5,45.0,100.0,16,9,1.75,4,2.42,71,45.0,77.09,0,Low Risk (On Track)
STU_10032,F,19,R,GT3,A,1,3,3,4,0,no,yes,yes,no,yes,4,40,37,92.5,82.22,48.0,100.0,16,20,6.5,20,11.95,195,100.0,87.63,0,Low Risk (On Track)
STU_10033,M,18,R,GT3,T,3,2,1,3,0,no,no,yes,no,yes,5,40,38,95.0,40.71,7.666666666666666,65.66666666666666,16,18,7.0,18,8.56,213,90.0,38.66,1,High Risk (Intervention Required)
STU_10034,M,23,R,LE3,T,0,0,3,1,0,yes,yes,yes,no,yes,5,40,36,90.0,86.85,55.666666666666664,100.0,16,18,6.5,34,10.22,183,90.0,80.62,0,Low Risk (On Track)
STU_10035,M,19,R,GT3,T,4,4,4,3,1,yes,no,yes,yes,no,5,40,38,95.0,69.95,45.33333333333333,100.0,16,16,5.75,27,10.93,177,80.0,71.24,0,Low Risk (On Track)
STU_10036,F,18,U,LE3,T,0,2,3,2,0,yes,no,no,no,yes,5,40,39,97.5,80.91,49.333333333333336,100.0,16,9,2.0,7,3.03,79,45.0,74.03,0,Low Risk (On Track)
STU_10037,F,17,R,GT3,T,3,2,2,3,0,no,yes,no,no,no,4,40,36,90.0,40.41,11.0,62.0,16,18,6.25,11,9.16,205,90.0,39.25,1,High Risk (Intervention Required)
STU_10038,F,18,U,LE3,A,3,1,2,2,0,no,yes,no,no,yes,4,40,38,95.0,77.45,45.666666666666664,99.33333333333334,16,19,6.75,24,5.94,223,95.0,67.61,0,Low Risk (On Track)
STU_10039,M,18,R,GT3,A,4,2,2,2,0,yes,no,no,yes,no,4,40,38,95.0,86.62,60.333333333333336,100.0,16,18,7.0,21,12.17,199,90.0,79.31,0,Low Risk (On Track)
STU_10040,F,20,U,GT3,T,3,1,1,2,0,no,no,no,no,no,3,40,37,92.5,76.7,31.666666666666664,100.0,16,18,5.0,20,11.05,176,90.0,75.49,0,Low Risk (On Track)
STU_10041,F,18,U,LE3,A,0,4,4,2,0,no,no,no,yes,yes,3,40,34,85.0,36.93,9.5,64.66666666666666,16,7,1.5,4,2.89,68,35.0,37.88,1,High Risk (Intervention Required)
STU_10042,M,18,R,LE3,T,2,0,4,2,0,yes,no,yes,yes,no,4,40,38,95.0,87.43,67.0,100.0,16,18,5.75,35,11.48,244,90.0,86.12,0,Low Risk (On Track)
STU_10043,F,19,U,LE3,A,3,0,2,2,0,yes,yes,yes,no,yes,2,40,39,97.5,76.18,43.666666666666664,100.0,16,19,6.25,22,11.94,245,95.0,73.72,0,Low Risk (On Track)
STU_10044,M,19,R,LE3,A,3,3,1,2,0,yes,yes,yes,yes,no,1,40,36,90.0,82.11,61.66666666666667,100.0,16,18,6.75,15,11.2,201,90.0,78.91,0,Low Risk (On Track)
STU_10045,M,18,U,LE3,T,3,3,2,2,0,no,no,no,yes,yes,3,40,40,100.0,42.77,0.0,76.33333333333333,16,18,6.0,21,12.11,189,90.0,34.86,1,High Risk (Intervention Required)
STU_10046,M,19,U,LE3,A,1,0,1,3,0,no,no,yes,no,no,4,40,37,92.5,79.29,28.500000000000004,100.0,16,14,1.75,4,2.6,54,70.0,74.41,0,Low Risk (On Track)
STU_10047,F,19,R,GT3,T,4,0,3,3,0,yes,yes,yes,yes,no,5,40,32,80.0,84.54,56.00000000000001,100.0,16,18,6.0,28,7.66,229,90.0,80.7,0,Low Risk (On Track)
STU_10048,M,20,U,GT3,A,2,1,4,2,1,yes,no,no,no,no,3,40,35,87.5,87.51,57.00000000000001,100.0,16,17,5.75,21,11.54,214,85.0,89.74,0,Low Risk (On Track)
STU_10049,M,21,R,GT3,A,2,3,2,2,0,no,no,no,yes,no,5,40,32,80.0,45.34,16.0,67.66666666666666,16,17,6.5,21,8.87,203,85.0,44.71,1,High Risk (Intervention Required)
STU_10050,M,19,R,GT3,T,1,4,1,3,0,yes,yes,no,yes,no,4,40,36,90.0,76.09,46.0,97.33333333333333,16,19,6.0,25,9.21,250,95.0,67.04,0,Low Risk (On Track)
STU_10052,F,19,R,GT3,T,3,4,1,1,0,yes,yes,no,no,no,5,40,33,82.5,77.74,47.5,100.0,16,18,6.5,15,9.43,213,90.0,77.04,0,Low Risk (On Track)
STU_10053,F,20,R,GT3,A,1,3,1,2,0,no,no,no,yes,yes,5,40,39,97.5,43.26,9.000000000000002,81.5,16,19,5.75,19,10.45,198,95.0,39.72,1,High Risk (Intervention Required)
STU_10054,F,18,R,LE3,A,3,3,1,2,1,yes,no,yes,yes,no,1,40,39,97.5,81.45,57.99999999999999,100.0,16,18,6.0,24,11.76,200,90.0,76.74,0,Low Risk (On Track)
STU_10055,F,18,R,LE3,T,3,1,1,3,0,no,yes,no,no,no,4,40,35,87.5,77.56,43.333333333333336,100.0,16,18,7.75,29,8.59,228,90.0,78.01,0,Low Risk (On Track)
STU_10056,M,19,U,GT3,T,0,3,4,3,0,yes,no,yes,no,yes,1,40,35,87.5,74.52,51.33333333333333,100.0,16,12,2.5,0,2.55,85,60.0,76.64,0,Low Risk (On Track)
STU_10057,F,20,R,GT3,A,3,1,1,2,0,yes,yes,yes,yes,no,5,40,39,97.5,37.98,15.666666666666668,68.0,16,19,5.5,24,11.44,211,95.0,39.71,1,High Risk (Intervention Required)
STU_10058,M,19,U,LE3,A,2,3,1,1,1,no,yes,yes,no,no,5,40,31,77.5,80.91,46.0,100.0,16,17,6.25,23,10.24,216,85.0,75.55,0,Low Risk (On Track)
STU_10059,F,19,R,GT3,A,2,1,4,3,0,no,no,no,no,yes,4,40,37,92.5,82.27,49.0,100.0,16,19,6.25,27,10.46,182,95.0,79.03,0,Low Risk (On Track)
STU_10060,F,17,U,GT3,A,1,4,2,1,0,no,yes,yes,yes,no,4,40,38,95.0,80.92,49.00000000000001,100.0,16,17,6.25,28,11.91,198,85.0,80.25,0,Low Risk (On Track)
STU_10061,M,19,U,LE3,A,2,3,1,1,0,no,no,yes,no,no,3,40,35,87.5,40.49,0.0,72.66666666666667,16,9,2.25,2,2.49,79,45.0,42.39,1,High Risk (Intervention Required)
STU_10062,F,20,R,LE3,T,1,3,4,3,0,no,yes,no,yes,no,3,40,39,97.5,80.74,50.5,100.0,16,17,5.75,33,11.02,180,85.0,76.82,0,Low Risk (On Track)
STU_10063,F,19,R,LE3,T,3,0,2,4,0,yes,yes,no,no,no,1,40,38,95.0,86.32,43.0,100.0,16,16,6.5,26,9.75,238,80.0,83.58,0,Low Risk (On Track)
STU_10064,M,17,U,GT3,A,0,0,1,2,0,no,no,yes,no,yes,4,40,31,77.5,78.59,28.500000000000004,100.0,16,18,5.0,20,7.96,199,90.0,72.16,0,Low Risk (On Track)
STU_10065,F,21,R,LE3,A,1,3,1,1,0,no,no,yes,no,no,2,40,37,92.5,40.57,6.5,73.0,16,18,6.75,20,12.93,199,90.0,33.79,1,High Risk (Intervention Required)
STU_10066,M,21,R,LE3,T,4,0,1,2,3,yes,yes,yes,yes,yes,3,40,38,95.0,81.4,49.66666666666667,100.0,16,10,2.5,5,2.56,65,50.0,82.65,1,High Risk (Intervention Required)
STU_10067,M,20,U,GT3,T,1,4,1,1,0,yes,yes,yes,no,yes,5,40,32,80.0,79.76,32.0,100.0,16,18,5.75,30,12.21,237,90.0,83.18,0,Low Risk (On Track)
STU_10068,F,17,R,LE3,T,3,4,1,1,0,no,yes,no,yes,yes,5,40,39,97.5,73.71,35.5,100.0,16,17,5.0,31,10.32,243,85.0,71.42,0,Low Risk (On Track)
STU_10069,F,19,U,LE3,A,3,3,2,2,2,yes,yes,no,yes,yes,2,40,37,92.5,33.53,7.666666666666666,63.33333333333333,16,16,6.25,19,8.55,235,80.0,35.54,1,High Risk (Intervention Required)
STU_10070,F,19,R,GT3,A,3,4,2,1,0,yes,no,no,yes,no,3,40,34,85.0,75.46,44.333333333333336,100.0,16,17,6.25,29,10.17,169,85.0,74.91,0,Low Risk (On Track)
STU_10071,F,18,U,GT3,A,2,2,1,1,2,yes,yes,yes,yes,no,1,40,38,95.0,76.72,52.0,100.0,16,10,2.0,6,3.37,73,50.0,72.14,1,High Risk (Intervention Required)
STU_10072,F,20,U,GT3,T,3,2,3,4,0,yes,no,no,no,yes,5,40,37,92.5,78.24,42.0,100.0,16,18,6.75,20,10.19,215,90.0,77.69,0,Low Risk (On Track)
STU_10073,M,18,R,LE3,T,2,4,1,3,0,no,yes,no,yes,yes,3,40,38,95.0,34.73,16.333333333333336,70.5,16,18,5.75,27,10.62,291,90.0,38.88,1,High Risk (Intervention Required)
STU_10074,F,21,R,LE3,T,1,4,2,1,0,yes,yes,yes,no,no,4,40,37,92.5,82.54,46.0,100.0,16,18,6.0,27,9.64,249,90.0,80.4,0,Low Risk (On Track)
STU_10075,F,18,R,GT3,T,0,1,1,2,0,no,no,no,no,no,4,40,36,90.0,88.69,77.0,100.0,16,18,6.0,26,12.33,231,90.0,92.95,0,Low Risk (On Track)
STU_10076,F,18,U,GT3,A,0,2,2,2,0,no,yes,yes,no,yes,1,40,34,85.0,85.88,61.5,100.0,16,8,2.0,2,3.0,60,40.0,73.4,0,Low Risk (On Track)
STU_10077,M,18,U,LE3,A,2,2,1,2,0,yes,no,yes,no,yes,4,40,38,95.0,32.83,0.0,63.0,16,17,5.25,20,11.87,204,85.0,34.12,1,High Risk (Intervention Required)
STU_10078,M,19,R,LE3,A,4,3,2,3,0,yes,no,yes,no,yes,5,40,39,97.5,77.98,56.00000000000001,98.00000000000001,16,19,5.75,22,11.11,176,95.0,76.33,0,Low Risk (On Track)
STU_10079,F,20,R,LE3,A,0,1,1,2,0,no,no,yes,no,yes,1,40,33,82.5,88.43,62.0,100.0,16,18,6.5,17,8.93,245,90.0,85.23,0,Low Risk (On Track)
STU_10080,M,19,U,GT3,A,1,1,1,2,0,yes,yes,yes,no,no,5,40,39,97.5,78.1,42.00000000000001,100.0,16,19,6.75,27,8.06,261,95.0,76.47,0,Low Risk (On Track)
STU_10081,F,19,R,GT3,T,3,0,1,2,1,yes,no,yes,no,no,4,40,36,90.0,43.55,17.0,74.33333333333334,16,16,2.75,3,3.16,62,80.0,33.6,1,High Risk (Intervention Required)
STU_10082,M,18,R,LE3,T,4,4,1,2,0,yes,no,yes,no,no,5,40,40,100.0,84.38,54.666666666666664,100.0,16,17,6.75,12,7.62,155,85.0,81.5,0,Low Risk (On Track)
STU_10083,M,22,R,LE3,A,0,4,2,1,0,no,yes,no,no,no,4,40,38,95.0,77.69,48.666666666666664,100.0,16,19,4.75,15,10.64,213,95.0,77.12,0,Low Risk (On Track)
STU_10084,F,20,U,GT3,T,2,0,2,2,0,yes,no,yes,yes,no,3,40,39,97.5,74.01,40.5,100.0,16,19,5.75,18,10.65,178,95.0,77.92,0,Low Risk (On Track)
STU_10085,F,18,U,GT3,A,2,1,2,3,0,yes,no,no,yes,no,3,40,32,80.0,37.03,9.333333333333332,64.5,16,17,6.0,20,10.41,194,85.0,32.96,1,High Risk (Intervention Required)
STU_10086,M,22,R,GT3,T,1,1,1,2,1,yes,no,yes,no,yes,2,40,38,95.0,79.69,30.333333333333336,98.33333333333333,16,12,2.25,6,2.21,75,60.0,74.46,0,Low Risk (On Track)
STU_10087,M,20,U,GT3,T,3,2,2,1,0,no,no,yes,yes,no,4,40,38,95.0,82.52,41.333333333333336,100.0,16,18,5.5,28,10.26,264,90.0,78.51,0,Low Risk (On Track)
STU_10088,M,18,R,GT3,A,3,4,1,4,1,yes,no,yes,no,no,5,40,35,87.5,79.94,47.66666666666667,100.0,16,18,5.75,14,10.96,217,90.0,81.6,0,Low Risk (On Track)
STU_10089,M,20,U,GT3,T,1,2,1,2,1,yes,yes,no,no,yes,4,40,39,97.5,42.31,8.5,69.5,16,17,7.0,26,8.72,202,85.0,41.63,1,High Risk (Intervention Required)
STU_10090,M,18,R,LE3,A,0,2,1,2,0,no,yes,yes,yes,no,4,40,35,87.5,85.17,57.333333333333336,100.0,16,19,5.75,21,10.54,211,95.0,81.05,0,Low Risk (On Track)
STU_10091,M,20,R,GT3,T,0,0,1,3,0,no,yes,no,yes,no,1,40,35,87.5,74.08,49.333333333333336,100.0,16,10,2.5,6,2.71,63,50.0,74.13,0,Low Risk (On Track)
STU_10092,M,18,R,LE3,T,3,4,1,2,0,yes,no,no,yes,no,2,40,36,90.0,82.99,43.0,100.0,16,18,7.0,18,10.98,209,90.0,81.38,0,Low Risk (On Track)
STU_10093,F,18,U,GT3,T,4,4,1,4,0,no,no,yes,no,no,3,40,36,90.0,40.35,5.666666666666666,74.0,16,18,6.5,26,7.25,216,90.0,42.22,1,High Risk (Intervention Required)
STU_10094,M,18,U,GT3,T,0,4,2,2,0,no,yes,no,no,yes,2,40,35,87.5,82.96,57.00000000000001,100.0,16,17,6.0,20,8.49,230,85.0,78.15,0,Low Risk (On Track)
STU_10095,M,20,R,LE3,A,1,0,2,3,0,no,no,no,no,yes,2,40,36,90.0,80.31,55.00000000000001,100.0,16,18,5.75,24,11.32,192,90.0,77.0,0,Low Risk (On Track)
STU_10096,F,18,U,GT3,A,0,2,1,2,0,no,no,yes,no,no,3,40,38,95.0,78.97,46.666666666666664,100.0,16,11,1.75,3,2.97,76,55.0,75.4,0,Low Risk (On Track)
STU_10097,F,20,R,LE3,A,4,1,1,2,0,no,no,no,no,yes,4,40,34,85.0,41.8,9.5,74.0,16,18,6.25,21,8.62,232,90.0,33.95,1,High Risk (Intervention Required)
STU_10098,F,19,R,GT3,A,0,0,2,2,0,yes,yes,yes,no,yes,2,40,38,95.0,80.08,43.0,100.0,16,17,7.5,11,8.65,260,85.0,79.26,0,Low Risk (On Track)
STU_10099,M,18,R,GT3,A,4,0,2,2,2,no,no,yes,yes,no,4,40,37,92.5,91.18,58.5,100.0,16,18,7.25,31,8.9,211,90.0,90.22,0,Low Risk (On Track)
STU_10100,F,19,U,LE3,T,1,3,1,4,0,no,no,yes,no,no,2,40,31,77.5,79.97,52.66666666666667,100.0,16,17,6.0,32,7.49,204,85.0,77.99,0,Low Risk (On Track)
STU_10101,M,18,U,GT3,T,3,0,2,4,3,no,yes,no,no,yes,2,40,40,100.0,36.2,6.0,74.66666666666666,16,12,1.75,5,2.85,73,60.0,33.26,1,High Risk (Intervention Required)
STU_10102,F,19,U,LE3,T,1,3,1,2,0,yes,yes,yes,no,no,4,40,36,90.0,83.93,44.5,100.0,16,20,5.75,25,10.46,240,100.0,76.27,0,Low Risk (On Track)
STU_10103,F,20,U,LE3,A,0,3,1,2,0,yes,yes,no,yes,yes,5,40,25,62.5,79.95,47.333333333333336,100.0,16,16,7.25,15,10.7,260,80.0,76.27,1,High Risk (Intervention Required)
STU_10104,M,18,U,GT3,T,2,4,3,3,0,no,yes,no,yes,yes,5,40,38,95.0,79.53,45.0,100.0,16,19,5.25,28,10.35,256,95.0,76.16,0,Low Risk (On Track)
STU_10105,M,18,R,LE3,T,0,0,3,3,0,yes,no,yes,no,no,3,40,37,92.5,38.67,4.333333333333334,65.0,16,18,6.5,21,8.29,237,90.0,33.46,1,High Risk (Intervention Required)
STU_10106,F,18,R,GT3,A,0,0,1,2,0,no,yes,no,no,no,4,40,34,85.0,74.78,39.0,100.0,16,10,2.25,5,3.28,53,50.0,72.13,0,Low Risk (On Track)
STU_10107,M,20,U,GT3,T,3,0,1,1,0,no,no,no,yes,yes,3,40,33,82.5,79.26,39.0,100.0,16,19,6.75,21,9.59,232,95.0,78.88,0,Low Risk (On Track)
STU_10108,F,18,U,GT3,A,3,2,1,1,0,no,yes,yes,no,yes,1,40,36,90.0,74.8,49.66666666666667,100.0,16,18,6.25,10,12.07,220,90.0,80.34,0,Low Risk (On Track)
STU_10109,F,19,R,GT3,T,0,3,1,2,0,no,no,yes,no,yes,5,40,29,72.5,38.58,6.0,76.0,16,17,5.75,24,12.35,207,85.0,37.28,1,High Risk (Intervention Required)
STU_10110,M,18,R,LE3,A,4,3,2,2,3,yes,yes,yes,no,no,3,40,39,97.5,82.58,32.0,100.0,16,17,6.25,21,12.18,208,85.0,81.61,0,Low Risk (On Track)
STU_10111,F,20,U,GT3,T,0,0,1,2,0,no,yes,yes,no,no,2,40,37,92.5,82.44,51.5,100.0,16,13,2.5,6,2.07,80,65.0,80.14,0,Low Risk (On Track)
STU_10112,F,23,R,GT3,A,4,2,1,1,0,yes,no,no,yes,no,3,40,33,82.5,84.39,63.66666666666667,100.0,16,18,6.25,16,10.38,218,90.0,74.71,0,Low Risk (On Track)
STU_10113,M,20,R,LE3,A,1,1,1,4,0,yes,no,no,no,yes,4,40,38,95.0,43.33,12.0,90.0,16,17,5.75,24,11.48,218,85.0,41.22,1,High Risk (Intervention Required)
STU_10114,M,19,R,LE3,T,4,1,2,4,0,no,no,yes,no,no,5,40,37,92.5,72.12,44.00000000000001,95.0,16,19,6.0,18,8.0,199,95.0,70.36,0,Low Risk (On Track)
STU_10115,F,19,R,GT3,T,1,2,2,1,3,no,no,yes,no,no,4,40,28,70.0,80.56,54.0,100.0,16,18,6.25,26,9.23,255,90.0,88.41,0,Low Risk (On Track)
STU_10116,F,19,R,GT3,T,4,4,1,4,1,yes,no,yes,no,yes,3,40,34,85.0,84.12,60.5,100.0,16,12,1.75,3,3.06,66,60.0,81.35,0,Low Risk (On Track)
STU_10117,F,19,R,LE3,T,4,2,3,2,0,yes,yes,yes,yes,yes,1,40,38,95.0,46.35,22.333333333333332,73.0,16,20,6.75,22,10.96,204,100.0,45.56,1,High Risk (Intervention Required)
STU_10118,M,19,R,LE3,T,0,4,4,1,0,no,no,yes,no,no,3,40,33,82.5,80.14,60.0,100.0,16,18,7.0,28,8.38,182,90.0,78.0,0,Low Risk (On Track)
STU_10119,M,21,U,LE3,T,1,3,3,1,2,no,no,yes,no,yes,1,40,38,95.0,72.3,39.0,100.0,16,19,7.25,14,7.96,206,95.0,65.63,0,Low Risk (On Track)
STU_10120,F,19,U,GT3,A,3,4,1,3,0,no,no,yes,yes,no,2,40,38,95.0,81.49,51.0,100.0,16,18,6.75,9,10.36,180,90.0,84.06,0,Low Risk (On Track)
STU_10121,F,19,U,LE3,A,2,4,2,1,0,no,no,no,yes,no,1,40,29,72.5,36.47,13.5,99.0,16,12,2.0,4,2.82,84,60.0,37.48,1,High Risk (Intervention Required)
STU_10122,M,23,R,GT3,T,0,2,1,2,0,no,no,yes,no,no,2,40,38,95.0,84.2,51.33333333333333,100.0,16,17,5.25,18,9.81,219,85.0,85.36,0,Low Risk (On Track)
STU_10123,M,19,R,GT3,T,3,4,3,3,1,yes,no,no,yes,yes,2,40,37,92.5,83.03,37.33333333333333,100.0,16,17,5.0,22,11.7,194,85.0,77.39,0,Low Risk (On Track)
STU_10124,F,18,R,GT3,A,4,1,2,2,0,yes,no,no,yes,yes,1,40,36,90.0,85.16,41.0,100.0,16,17,6.5,24,9.41,258,85.0,88.77,0,Low Risk (On Track)
STU_10125,M,19,U,LE3,A,4,3,1,1,0,yes,no,yes,no,yes,5,40,37,92.5,46.46,11.0,69.33333333333334,16,19,6.25,16,10.01,234,95.0,38.85,1,High Risk (Intervention Required)
STU_10126,F,19,U,GT3,A,0,3,1,1,0,yes,yes,no,no,yes,5,40,39,97.5,81.78,44.333333333333336,100.0,16,14,1.75,5,2.52,55,70.0,82.13,0,Low Risk (On Track)
STU_10127,M,21,U,GT3,T,2,3,1,1,0,no,no,no,no,no,4,40,31,77.5,81.27,52.0,99.33333333333334,16,19,5.75,19,9.8,182,95.0,88.03,0,Low Risk (On Track)
STU_10128,M,19,U,GT3,T,1,4,1,1,3,yes,yes,no,no,no,5,40,38,95.0,83.48,57.49999999999999,100.0,16,18,4.75,11,8.41,183,90.0,77.52,0,Low Risk (On Track)
STU_10129,F,20,U,GT3,A,1,2,1,3,1,yes,no,yes,yes,yes,1,40,39,97.5,50.69,19.0,80.0,16,17,7.0,21,9.17,221,85.0,46.42,0,Low Risk (On Track)
STU_10130,M,19,R,LE3,T,0,3,1,2,1,yes,yes,no,yes,no,5,40,34,85.0,72.7,54.50000000000001,100.0,16,18,7.5,21,8.63,166,90.0,71.1,0,Low Risk (On Track)
STU_10131,F,18,U,LE3,A,2,2,1,4,1,yes,no,no,yes,no,4,40,38,95.0,78.9,48.0,100.0,16,13,1.75,5,2.91,76,65.0,74.89,0,Low Risk (On Track)
STU_10132,F,19,R,LE3,A,3,1,2,2,1,no,yes,no,yes,no,4,40,37,92.5,72.27,39.5,100.0,16,16,5.0,27,8.96,201,80.0,64.07,0,Low Risk (On Track)
STU_10133,M,18,R,LE3,A,0,3,2,1,0,yes,yes,no,no,yes,1,40,37,92.5,53.72,18.333333333333332,92.5,16,18,6.5,19,12.06,190,90.0,51.99,0,Low Risk (On Track)
STU_10134,M,20,U,GT3,T,2,2,4,1,2,yes,no,yes,yes,no,2,40,37,92.5,81.9,58.666666666666664,100.0,16,18,6.75,15,10.38,213,90.0,75.65,0,Low Risk (On Track)
STU_10135,F,20,R,GT3,A,2,2,1,3,0,no,no,yes,no,no,4,40,38,95.0,81.25,45.33333333333333,100.0,16,18,5.75,25,9.98,188,90.0,81.14,0,Low Risk (On Track)
STU_10136,M,19,U,LE3,T,2,4,3,2,0,yes,yes,no,yes,no,5,40,32,80.0,77.46,49.0,100.0,16,13,2.25,5,2.8,83,65.0,71.78,0,Low Risk (On Track)
STU_10137,M,19,R,GT3,A,3,3,1,3,0,no,yes,yes,yes,yes,1,40,39,97.5,40.46,2.0,100.0,16,19,5.5,15,10.53,257,95.0,44.66,1,High Risk (Intervention Required)
STU_10138,M,19,U,LE3,T,0,1,1,2,0,no,no,yes,yes,no,1,40,38,95.0,81.08,57.99999999999999,100.0,16,19,5.25,18,10.89,236,95.0,75.95,0,Low Risk (On Track)
STU_10139,M,19,R,GT3,T,4,3,2,4,0,yes,yes,yes,yes,no,3,40,31,77.5,81.67,51.33333333333333,100.0,16,18,4.25,22,10.04,217,90.0,78.38,0,Low Risk (On Track)
STU_10140,F,20,U,GT3,A,3,4,1,2,0,yes,yes,yes,no,no,4,40,38,95.0,83.83,43.49999999999999,100.0,16,18,6.5,25,10.54,221,90.0,85.08,0,Low Risk (On Track)
STU_10141,F,18,U,LE3,T,3,3,2,2,3,yes,yes,yes,yes,no,3,40,37,92.5,39.66,14.333333333333334,74.33333333333334,16,7,2.25,2,2.29,67,35.0,32.74,1,High Risk (Intervention Required)
STU_10142,M,21,R,LE3,T,2,0,4,2,1,no,yes,no,yes,yes,5,40,31,77.5,78.1,57.00000000000001,100.0,16,17,7.0,16,8.58,205,85.0,77.01,0,Low Risk (On Track)
STU_10143,F,19,R,GT3,T,0,4,2,2,0,yes,yes,no,no,no,1,40,38,95.0,87.07,71.00000000000001,100.0,16,17,4.0,15,7.37,243,85.0,90.3,0,Low Risk (On Track)
STU_10144,F,20,R,GT3,T,2,4,3,2,0,no,yes,no,yes,yes,1,40,36,90.0,82.66,60.66666666666667,100.0,16,18,5.5,15,7.5,225,90.0,74.23,0,Low Risk (On Track)
STU_10145,F,18,U,GT3,A,2,0,1,4,0,no,yes,yes,yes,yes,4,40,35,87.5,33.94,0.0,65.0,16,18,5.25,11,10.95,187,90.0,32.68,1,High Risk (Intervention Required)
STU_10146,F,19,R,LE3,T,0,2,2,2,1,no,yes,no,no,no,1,40,36,90.0,84.27,55.49999999999999,100.0,16,14,1.75,4,2.68,51,70.0,83.31,0,Low Risk (On Track)
STU_10147,M,19,U,GT3,T,1,2,1,2,0,no,no,no,no,no,1,40,35,87.5,85.05,53.49999999999999,100.0,16,18,4.25,34,10.85,218,90.0,86.18,0,Low Risk (On Track)
STU_10148,F,18,U,GT3,T,3,0,1,1,0,no,no,no,no,no,5,40,32,80.0,84.95,71.66666666666667,100.0,16,17,6.75,32,9.81,254,85.0,78.0,0,Low Risk (On Track)
STU_10149,M,18,U,GT3,A,1,3,4,2,0,no,yes,no,no,no,4,40,34,85.0,43.75,28.333333333333332,78.0,16,18,6.25,26,11.9,216,90.0,36.47,1,High Risk (Intervention Required)
STU_10150,F,18,U,LE3,T,3,1,1,2,0,no,no,yes,no,yes,3,40,37,92.5,80.53,51.0,100.0,16,19,6.25,23,7.9,207,95.0,80.62,0,Low Risk (On Track)
STU_10151,M,20,R,LE3,A,4,3,2,2,2,no,yes,no,yes,yes,2,40,36,90.0,74.18,42.66666666666667,100.0,16,10,1.5,5,2.69,68,50.0,73.37,1,High Risk (Intervention Required)
STU_10152,F,18,U,GT3,A,3,0,1,2,0,yes,no,no,no,no,5,40,34,85.0,82.42,41.5,100.0,16,17,6.0,22,9.31,240,85.0,81.42,0,Low Risk (On Track)
STU_10153,M,18,U,GT3,T,2,3,3,1,1,yes,no,no,no,no,2,40,39,97.5,43.45,9.000000000000002,75.5,16,18,5.75,21,8.58,271,90.0,42.84,1,High Risk (Intervention Required)
STU_10154,F,18,U,GT3,A,2,0,1,3,0,no,yes,yes,yes,yes,5,40,30,75.0,79.68,46.666666666666664,100.0,16,18,5.75,21,8.73,208,90.0,74.96,0,Low Risk (On Track)
STU_10155,M,18,R,GT3,T,3,1,1,2,0,yes,no,no,no,yes,2,40,39,97.5,78.79,52.33333333333333,100.0,16,19,6.0,20,9.2,175,95.0,77.72,0,Low Risk (On Track)
STU_10156,M,18,U,LE3,T,2,2,1,1,0,no,no,no,no,yes,3,40,35,87.5,82.53,49.333333333333336,100.0,16,8,2.5,5,2.72,61,40.0,81.7,0,Low Risk (On Track)
STU_10157,F,20,U,GT3,T,1,2,1,2,0,yes,no,no,yes,no,4,40,31,77.5,39.67,19.0,64.0,16,18,5.75,24,9.74,231,90.0,34.81,1,High Risk (Intervention Required)
STU_10158,M,19,U,LE3,A,2,1,1,3,0,no,yes,no,yes,yes,4,40,37,92.5,75.38,53.99999999999999,100.0,16,17,5.25,30,9.75,167,85.0,80.84,0,Low Risk (On Track)
STU_10159,F,19,R,GT3,A,3,1,1,1,1,no,yes,no,yes,no,2,40,36,90.0,76.26,40.33333333333333,100.0,16,19,5.75,27,11.44,187,95.0,76.16,0,Low Risk (On Track)
STU_10160,F,19,R,LE3,T,2,4,2,2,1,yes,no,yes,no,yes,2,40,30,75.0,83.64,42.33333333333333,100.0,16,18,5.5,27,10.5,153,90.0,76.87,0,Low Risk (On Track)
STU_10161,F,21,U,GT3,A,2,0,1,4,1,yes,yes,no,no,yes,5,40,36,90.0,36.0,3.0000000000000004,55.49999999999999,16,10,2.5,5,3.15,77,50.0,36.63,1,High Risk (Intervention Required)
STU_10162,M,20,U,LE3,A,4,2,2,1,3,no,no,no,yes,yes,4,40,37,92.5,87.4,59.5,100.0,16,19,6.5,13,12.66,265,95.0,81.5,0,Low Risk (On Track)
STU_10163,M,23,U,LE3,T,1,2,2,3,0,no,yes,no,no,no,4,40,36,90.0,79.03,20.5,100.0,16,19,6.5,28,6.6,239,95.0,80.18,0,Low Risk (On Track)
STU_10164,M,19,U,GT3,A,2,3,4,2,0,yes,no,no,yes,no,2,40,40,100.0,78.09,45.0,100.0,16,18,6.0,25,11.36,223,90.0,80.72,0,Low Risk (On Track)
STU_10165,F,20,R,GT3,A,2,2,1,1,1,no,yes,yes,yes,no,1,40,39,97.5,43.71,0.0,76.5,16,17,7.5,18,9.85,200,85.0,38.43,1,High Risk (Intervention Required)
STU_10166,M,21,U,GT3,A,0,3,1,2,0,no,yes,no,yes,no,3,40,36,90.0,79.48,24.0,100.0,16,6,1.75,7,3.15,74,30.0,81.33,0,Low Risk (On Track)
STU_10167,M,18,U,LE3,A,2,1,1,1,0,yes,no,yes,yes,yes,5,40,36,90.0,75.3,24.0,100.0,16,17,6.25,21,7.71,237,85.0,74.95,0,Low Risk (On Track)
STU_10168,F,17,R,LE3,A,1,3,1,2,0,yes,yes,no,no,no,2,40,35,87.5,77.65,41.5,100.0,16,18,5.75,18,11.21,157,90.0,78.94,0,Low Risk (On Track)
STU_10169,F,20,U,LE3,T,4,4,1,2,0,yes,yes,no,no,yes,1,40,29,72.5,45.34,22.666666666666664,69.5,16,19,6.5,20,9.88,217,95.0,50.93,1,High Risk (Intervention Required)
STU_10170,M,18,U,GT3,A,3,2,2,1,0,yes,no,yes,no,yes,5,40,34,85.0,79.56,49.5,100.0,16,20,6.0,19,11.6,218,100.0,76.58,0,Low Risk (On Track)
STU_10171,M,20,R,LE3,T,3,3,1,2,0,yes,no,no,yes,no,5,40,37,92.5,75.9,46.5,100.0,16,8,2.75,5,2.54,68,40.0,70.89,0,Low Risk (On Track)
STU_10172,F,18,U,GT3,T,0,4,1,2,0,yes,no,no,no,no,4,40,35,87.5,82.69,63.0,100.0,16,18,5.5,20,10.78,205,90.0,77.13,0,Low Risk (On Track)
STU_10173,M,19,U,GT3,T,2,0,1,1,1,no,no,yes,no,no,2,40,39,97.5,41.64,15.333333333333332,72.5,16,19,6.75,26,8.04,188,95.0,36.38,1,High Risk (Intervention Required)
STU_10174,M,18,R,LE3,A,4,4,1,2,0,yes,yes,yes,yes,yes,2,40,37,92.5,84.31,59.0,100.0,16,17,6.5,26,10.33,256,85.0,82.0,0,Low Risk (On Track)
STU_10175,F,22,R,LE3,A,1,2,2,1,1,no,no,no,yes,no,5,40,31,77.5,86.12,68.33333333333333,100.0,16,16,7.25,20,10.01,174,80.0,85.48,0,Low Risk (On Track)
STU_10176,M,19,R,LE3,A,4,1,1,2,0,yes,yes,yes,yes,yes,2,40,35,87.5,82.1,56.50000000000001,100.0,16,14,1.75,2,3.54,82,70.0,81.21,0,Low Risk (On Track)
STU_10177,M,19,R,LE3,T,0,4,2,3,0,yes,no,yes,no,no,3,40,37,92.5,38.42,10.0,73.5,16,16,5.25,32,10.42,221,80.0,39.73,1,High Risk (Intervention Required)
STU_10178,M,19,U,LE3,T,1,4,4,4,0,no,no,no,no,yes,5,40,35,87.5,83.22,46.666666666666664,99.0,16,19,6.0,21,10.22,259,95.0,81.27,0,Low Risk (On Track)
STU_10179,F,17,U,GT3,A,4,1,1,2,0,yes,yes,yes,yes,no,1,40,36,90.0,77.48,51.0,100.0,16,17,5.5,33,11.47,229,85.0,81.29,0,Low Risk (On Track)
STU_10180,M,19,U,GT3,T,3,2,1,2,0,no,yes,yes,no,yes,1,40,37,92.5,73.39,50.0,100.0,16,17,6.0,18,11.62,214,85.0,70.33,0,Low Risk (On Track)
STU_10181,M,21,R,GT3,A,0,4,1,1,1,yes,yes,no,yes,yes,3,40,36,90.0,37.66,1.0,69.33333333333334,16,8,1.5,4,3.23,66,40.0,46.54,1,High Risk (Intervention Required)
STU_10182,F,21,R,GT3,A,3,2,1,4,0,yes,yes,yes,yes,no,4,40,39,97.5,85.9,37.33333333333333,100.0,16,17,5.25,20,9.96,228,85.0,86.4,0,Low Risk (On Track)
STU_10183,F,19,R,LE3,A,2,3,1,1,0,no,yes,yes,no,yes,1,40,37,92.5,76.36,44.333333333333336,100.0,16,17,6.25,23,9.56,249,85.0,70.93,0,Low Risk (On Track)
STU_10184,M,22,R,LE3,A,2,1,1,2,0,yes,yes,no,yes,yes,1,40,32,80.0,84.43,50.0,100.0,16,19,7.25,26,8.41,201,95.0,78.15,0,Low Risk (On Track)
STU_10185,M,18,U,LE3,T,3,2,2,4,0,no,yes,yes,yes,yes,4,40,34,85.0,38.2,2.0,65.33333333333334,16,19,6.0,26,8.66,260,95.0,38.13,1,High Risk (Intervention Required)
STU_10186,M,18,R,LE3,T,3,0,1,2,1,no,no,yes,no,no,2,40,38,95.0,82.89,42.33333333333333,100.0,16,6,1.5,6,2.15,61,30.0,80.0,0,Low Risk (On Track)
STU_10187,F,18,U,GT3,A,3,1,1,2,0,no,no,no,no,yes,1,40,37,92.5,78.49,28.999999999999996,100.0,16,17,7.0,26,8.46,208,85.0,79.35,0,Low Risk (On Track)
STU_10188,F,18,R,LE3,T,4,0,4,3,0,no,no,no,no,no,2,40,35,87.5,79.15,53.333333333333336,100.0,16,16,5.0,24,10.52,192,80.0,79.04,0,Low Risk (On Track)
STU_10189,M,18,U,LE3,A,0,3,1,3,3,yes,yes,yes,yes,no,5,40,38,95.0,33.11,5.0,90.5,16,18,7.5,23,11.38,260,90.0,30.82,1,High Risk (Intervention Required)
STU_10190,M,20,U,GT3,A,1,1,1,2,0,no,yes,no,yes,yes,4,40,35,87.5,84.58,59.00000000000001,100.0,16,17,6.25,19,8.35,222,85.0,79.19,0,Low Risk (On Track)
STU_10191,F,18,U,LE3,T,1,4,1,2,0,yes,yes,no,yes,no,1,40,38,95.0,81.15,44.0,100.0,16,10,1.5,5,3.16,70,50.0,73.09,0,Low Risk (On Track)
STU_10192,M,18,U,LE3,A,0,2,2,2,0,no,no,no,yes,yes,4,40,35,87.5,72.54,31.0,100.0,16,19,5.0,10,10.35,250,95.0,68.75,0,Low Risk (On Track)
STU_10193,F,19,U,GT3,T,4,1,1,3,0,yes,yes,no,yes,yes,5,40,35,87.5,44.3,16.0,71.33333333333333,16,17,6.25,23,9.06,247,85.0,45.73,1,High Risk (Intervention Required)
STU_10194,F,21,U,LE3,A,1,2,2,1,3,yes,yes,no,no,yes,3,40,36,90.0,81.53,47.0,100.0,16,17,6.75,20,11.52,243,85.0,80.39,0,Low Risk (On Track)
STU_10195,M,18,U,GT3,A,0,0,1,2,0,yes,no,no,no,no,5,40,36,90.0,78.72,57.333333333333336,100.0,16,20,6.0,30,10.51,193,100.0,71.74,0,Low Risk (On Track)
STU_10196,F,18,R,LE3,T,3,0,2,1,0,no,yes,yes,no,yes,4,40,31,77.5,80.01,46.666666666666664,100.0,16,6,2.5,5,2.48,80,30.0,78.7,0,Low Risk (On Track)
STU_10197,M,20,U,GT3,A,0,3,3,1,1,yes,yes,yes,no,yes,2,40,38,95.0,43.62,10.333333333333334,100.0,16,18,6.25,22,7.63,218,90.0,43.16,1,High Risk (Intervention Required)
STU_10198,F,19,R,GT3,A,1,0,1,2,1,yes,yes,no,yes,no,1,40,36,90.0,76.9,62.33333333333333,98.0,16,18,6.25,24,7.58,212,90.0,71.36,0,Low Risk (On Track)
STU_10199,F,20,R,LE3,T,0,1,1,2,0,yes,no,no,no,no,3,40,36,90.0,81.41,36.0,100.0,16,17,4.75,25,11.0,246,85.0,80.02,0,Low Risk (On Track)
STU_10200,M,19,R,LE3,A,3,2,1,1,0,no,yes,no,yes,yes,1,40,37,92.5,77.75,55.99999999999999,100.0,16,19,6.75,28,7.9,201,95.0,75.98,0,Low Risk (On Track)
STU_10201,M,19,R,LE3,T,3,4,1,2,1,no,yes,no,no,yes,4,40,37,92.5,43.1,16.333333333333336,60.333333333333336,16,8,2.0,6,2.77,73,40.0,36.53,1,High Risk (Intervention Required)
STU_10202,M,19,U,LE3,A,1,1,4,3,0,no,yes,no,yes,yes,5,40,34,85.0,87.81,65.0,100.0,16,19,6.0,27,9.61,229,95.0,87.24,0,Low Risk (On Track)
STU_10203,F,18,U,LE3,A,4,3,2,3,0,yes,no,yes,no,yes,2,40,37,92.5,80.3,48.5,100.0,16,17,5.75,17,10.68,227,85.0,80.54,0,Low Risk (On Track)
STU_10204,M,21,U,GT3,A,3,2,1,2,0,yes,yes,no,no,yes,5,40,39,97.5,86.48,50.0,100.0,16,17,4.75,15,7.25,169,85.0,88.81,0,Low Risk (On Track)
STU_10205,F,17,R,LE3,T,3,2,3,1,1,no,no,no,no,yes,2,40,35,87.5,38.41,13.0,71.50000000000001,16,17,5.25,24,11.95,214,85.0,40.63,1,High Risk (Intervention Required)
STU_10206,M,18,R,GT3,A,3,4,2,1,0,no,no,no,yes,yes,1,40,40,100.0,87.04,64.0,100.0,16,15,1.75,2,2.57,82,75.0,79.53,0,Low Risk (On Track)
STU_10207,F,20,R,LE3,T,1,1,3,1,0,yes,no,yes,no,yes,3,40,37,92.5,81.83,48.5,100.0,16,19,4.25,14,10.62,293,95.0,76.08,0,Low Risk (On Track)
STU_10208,F,20,R,LE3,T,1,2,1,2,2,no,no,no,yes,no,1,40,32,80.0,80.62,55.666666666666664,100.0,16,18,6.25,24,11.02,238,90.0,80.68,0,Low Risk (On Track)
STU_10209,F,17,U,LE3,T,1,1,2,2,0,yes,yes,no,yes,yes,5,40,38,95.0,40.2,0.0,67.0,16,18,5.25,21,10.22,176,90.0,40.26,1,High Risk (Intervention Required)
STU_10210,M,18,R,GT3,A,3,2,1,1,0,no,yes,yes,no,no,3,40,36,90.0,74.86,14.333333333333334,100.0,16,20,7.25,23,11.36,208,100.0,74.92,0,Low Risk (On Track)
STU_10211,M,19,R,GT3,A,2,2,2,4,0,yes,yes,yes,yes,no,3,40,35,87.5,76.82,53.0,100.0,16,10,2.25,6,2.38,74,50.0,90.23,0,Low Risk (On Track)
STU_10212,M,20,R,GT3,A,3,3,1,1,0,yes,no,yes,no,no,5,40,39,97.5,81.26,45.0,100.0,16,18,5.5,35,8.56,235,90.0,81.54,0,Low Risk (On Track)
STU_10213,F,20,U,GT3,T,3,1,2,3,0,yes,no,yes,yes,no,2,40,40,100.0,36.38,10.666666666666668,63.5,16,19,7.0,20,11.15,207,95.0,38.92,1,High Risk (Intervention Required)
STU_10214,F,19,R,GT3,A,4,2,1,1,0,yes,no,yes,yes,no,5,40,34,85.0,87.7,74.33333333333334,100.0,16,17,5.75,28,10.8,190,85.0,89.52,0,Low Risk (On Track)
STU_10215,F,19,U,LE3,T,2,3,4,3,3,yes,no,yes,yes,no,3,40,38,95.0,82.95,43.0,100.0,16,19,5.5,18,8.48,214,95.0,83.56,0,Low Risk (On Track)
STU_10216,M,18,U,LE3,A,2,1,2,1,1,no,yes,yes,no,no,4,40,36,90.0,81.88,48.5,100.0,16,10,2.0,2,2.18,70,50.0,78.62,0,Low Risk (On Track)
STU_10217,F,22,R,LE3,T,4,1,2,4,1,yes,yes,yes,yes,yes,3,40,36,90.0,37.72,0.0,62.0,16,18,4.75,18,10.17,236,90.0,38.76,1,High Risk (Intervention Required)
STU_10218,F,18,R,GT3,T,0,0,1,2,0,no,no,yes,no,no,3,40,33,82.5,83.7,28.333333333333332,100.0,16,17,6.25,27,10.35,178,85.0,78.61,0,Low Risk (On Track)
STU_10219,M,18,R,LE3,T,1,1,1,1,0,yes,no,yes,no,no,5,40,40,100.0,82.92,50.33333333333333,100.0,16,19,4.5,25,10.28,230,95.0,79.97,0,Low Risk (On Track)
STU_10220,M,19,U,LE3,T,0,0,1,2,0,no,yes,yes,yes,no,4,40,26,65.0,82.22,54.50000000000001,100.0,16,18,7.0,18,10.43,186,90.0,78.28,1,High Risk (Intervention Required)
STU_10221,M,19,R,LE3,A,0,4,2,1,0,yes,no,yes,yes,no,5,40,35,87.5,32.92,3.3333333333333335,61.0,16,11,1.25,6,2.64,69,55.0,31.25,1,High Risk (Intervention Required)
STU_10222,M,18,R,GT3,T,0,4,1,1,2,no,yes,yes,yes,yes,1,40,37,92.5,87.23,52.66666666666667,100.0,16,18,6.75,22,11.3,242,90.0,94.49,0,Low Risk (On Track)
STU_10223,F,18,U,LE3,T,2,1,1,4,0,yes,yes,yes,yes,no,3,40,34,85.0,83.01,62.0,100.0,16,19,4.5,22,11.47,229,95.0,73.54,0,Low Risk (On Track)
STU_10224,F,19,U,LE3,T,0,1,2,1,0,no,no,yes,no,no,2,40,37,92.5,83.9,49.00000000000001,100.0,16,18,6.25,14,10.62,217,90.0,84.65,0,Low Risk (On Track)
STU_10225,M,19,R,GT3,A,3,3,2,3,0,yes,yes,yes,no,no,5,40,37,92.5,40.6,13.999999999999998,68.5,16,18,4.75,30,8.07,193,90.0,32.15,1,High Risk (Intervention Required)
STU_10226,F,18,R,GT3,T,1,3,3,1,0,yes,yes,no,no,yes,5,40,35,87.5,82.47,63.0,100.0,16,15,2.0,7,2.45,54,75.0,78.58,0,Low Risk (On Track)
STU_10227,M,22,R,LE3,A,1,3,1,2,0,yes,yes,yes,no,no,2,40,37,92.5,80.67,44.00000000000001,100.0,16,17,6.25,15,9.85,216,85.0,83.03,0,Low Risk (On Track)
STU_10228,M,20,R,LE3,A,2,0,1,2,0,yes,yes,no,no,no,1,40,36,90.0,74.49,50.0,100.0,16,19,7.25,9,10.13,232,95.0,72.75,0,Low Risk (On Track)
STU_10229,F,19,U,GT3,T,0,3,1,2,0,yes,no,yes,no,no,3,40,30,75.0,43.52,19.5,65.0,16,19,6.0,20,9.71,222,95.0,37.21,1,High Risk (Intervention Required)
STU_10230,M,20,R,GT3,A,2,3,1,3,0,no,no,no,no,yes,1,40,37,92.5,83.43,38.99999999999999,100.0,16,18,6.25,22,10.35,232,90.0,78.57,0,Low Risk (On Track)
STU_10231,M,19,R,LE3,A,4,1,1,4,0,no,yes,no,yes,no,1,40,40,100.0,80.18,61.66666666666667,100.0,16,10,2.25,5,3.05,78,50.0,80.9,0,Low Risk (On Track)
STU_10232,M,20,R,GT3,T,3,0,1,1,2,no,yes,yes,yes,yes,4,40,38,95.0,79.07,48.0,100.0,16,16,6.5,13,10.97,236,80.0,74.15,0,Low Risk (On Track)
STU_10233,F,19,R,GT3,T,2,3,4,4,0,yes,yes,no,no,no,5,40,40,100.0,43.19,2.333333333333333,65.0,16,17,5.5,23,11.3,165,85.0,42.06,1,High Risk (Intervention Required)
STU_10234,M,18,R,GT3,T,1,4,1,2,0,no,no,no,no,no,1,40,40,100.0,81.32,51.5,100.0,16,18,5.25,27,11.47,221,90.0,79.5,0,Low Risk (On Track)
STU_10235,M,17,U,LE3,T,1,2,2,1,0,no,yes,yes,no,yes,5,40,33,82.5,82.36,59.5,100.0,16,18,6.25,19,11.16,206,90.0,77.75,0,Low Risk (On Track)
STU_10236,M,18,R,LE3,T,4,3,1,3,1,no,yes,no,no,no,3,40,38,95.0,81.67,52.0,100.0,16,15,2.75,7,3.15,77,75.0,88.25,0,Low Risk (On Track)
STU_10237,M,17,R,LE3,A,1,2,2,2,0,yes,no,no,yes,yes,2,40,39,97.5,39.74,13.5,68.0,16,16,6.0,18,11.88,190,80.0,40.28,1,High Risk (Intervention Required)
STU_10238,M,20,U,GT3,T,3,2,2,1,0,no,yes,no,no,yes,1,40,34,85.0,79.76,49.0,100.0,16,18,6.25,15,9.44,231,90.0,69.66,0,Low Risk (On Track)
STU_10239,M,21,U,GT3,A,4,4,1,3,0,yes,yes,yes,yes,no,5,40,39,97.5,82.0,48.666666666666664,100.0,16,18,4.25,19,9.68,264,90.0,80.75,0,Low Risk (On Track)
STU_10240,F,18,U,LE3,A,2,2,1,4,0,no,yes,yes,no,no,2,40,39,97.5,74.88,4.5,100.0,16,18,6.0,15,10.92,212,90.0,70.23,0,Low Risk (On Track)
STU_10241,M,22,R,GT3,T,3,2,1,2,2,no,no,no,yes,no,2,40,35,87.5,47.05,13.333333333333334,90.5,16,11,2.5,6,2.75,62,55.0,48.46,1,High Risk (Intervention Required)
STU_10242,F,19,U,LE3,T,0,1,2,3,1,no,yes,yes,no,yes,2,40,37,92.5,82.93,34.0,100.0,16,16,6.25,21,12.32,235,80.0,77.76,0,Low Risk (On Track)
STU_10243,M,19,R,LE3,T,0,0,1,2,0,yes,no,no,no,no,4,40,35,87.5,81.96,67.5,100.0,16,18,5.75,21,10.97,218,90.0,79.5,0,Low Risk (On Track)
STU_10244,F,18,R,LE3,T,4,0,2,2,0,yes,no,yes,no,no,5,40,34,85.0,77.23,42.33333333333333,97.00000000000001,16,17,6.0,18,9.02,196,85.0,77.25,0,Low Risk (On Track)
STU_10245,M,18,R,GT3,A,0,3,1,1,0,no,yes,no,no,yes,5,40,36,90.0,42.78,3.0000000000000004,83.0,16,19,6.5,21,11.52,191,95.0,44.24,1,High Risk (Intervention Required)
STU_10246,M,18,U,GT3,T,2,1,2,4,0,no,yes,yes,yes,yes,5,40,35,87.5,77.33,53.333333333333336,100.0,16,12,1.25,5,2.41,76,60.0,70.53,0,Low Risk (On Track)
STU_10247,F,18,U,LE3,A,4,0,1,1,0,no,no,no,yes,yes,1,40,33,82.5,79.58,43.49999999999999,100.0,16,18,6.75,18,9.55,215,90.0,76.24,0,Low Risk (On Track)
STU_10248,F,19,U,GT3,A,3,2,2,2,0,no,no,no,yes,yes,3,40,36,90.0,81.61,60.5,100.0,16,18,6.75,27,10.75,215,90.0,77.71,0,Low Risk (On Track)
STU_10249,M,20,R,GT3,A,1,2,3,2,0,no,no,yes,yes,yes,3,40,38,95.0,39.11,0.0,69.0,16,19,6.25,16,11.6,248,95.0,34.5,1,High Risk (Intervention Required)
STU_10250,M,21,U,GT3,T,0,0,2,2,1,no,yes,yes,no,no,2,40,34,85.0,84.21,52.5,100.0,16,19,5.0,19,10.82,204,95.0,89.27,0,Low Risk (On Track)
STU_10251,F,18,R,LE3,A,4,4,1,2,0,yes,yes,yes,no,yes,2,40,37,92.5,76.54,30.0,100.0,16,10,2.0,5,2.86,68,50.0,76.16,0,Low Risk (On Track)
STU_10252,M,20,R,GT3,T,1,3,1,2,0,yes,no,no,no,no,1,40,37,92.5,89.89,60.0,100.0,16,20,5.5,9,13.09,246,100.0,82.85,0,Low Risk (On Track)
STU_10253,M,23,R,LE3,A,2,4,1,1,0,no,yes,no,no,yes,5,40,38,95.0,37.35,5.500000000000001,64.33333333333333,16,17,5.5,16,8.64,203,85.0,39.02,1,High Risk (Intervention Required)
STU_10254,F,18,R,GT3,A,4,0,1,1,0,yes,no,yes,yes,yes,2,40,39,97.5,81.54,47.5,100.0,16,18,6.25,27,9.87,203,90.0,88.03,0,Low Risk (On Track)
STU_10255,F,19,U,LE3,A,2,0,1,2,0,yes,no,yes,yes,yes,2,40,39,97.5,82.04,50.33333333333333,100.0,16,19,6.5,19,10.08,239,95.0,84.17,0,Low Risk (On Track)
STU_10256,M,18,U,LE3,T,1,2,3,2,0,yes,no,yes,yes,no,5,40,32,80.0,82.41,40.0,100.0,16,10,2.0,5,3.08,71,50.0,74.33,0,Low Risk (On Track)
STU_10257,F,21,U,LE3,A,4,1,2,3,0,no,yes,no,no,yes,2,40,37,92.5,49.35,22.666666666666664,78.0,16,17,5.5,23,9.03,270,85.0,45.41,1,High Risk (Intervention Required)
STU_10258,F,18,U,LE3,T,4,4,2,3,0,yes,no,yes,yes,yes,4,40,35,87.5,79.84,49.333333333333336,100.0,16,19,5.5,15,9.36,266,95.0,82.91,0,Low Risk (On Track)
STU_10259,M,21,U,GT3,A,2,0,2,2,2,no,no,no,yes,no,2,40,34,85.0,84.04,54.50000000000001,100.0,16,16,6.5,16,8.79,203,80.0,79.21,0,Low Risk (On Track)
STU_10260,F,19,U,LE3,A,4,4,1,1,0,yes,yes,yes,no,yes,3,40,38,95.0,79.33,45.0,100.0,16,16,7.25,26,9.7,198,80.0,79.11,0,Low Risk (On Track)
STU_10261,F,18,U,GT3,A,2,4,1,2,0,no,yes,no,no,yes,3,40,37,92.5,42.25,7.333333333333333,71.33333333333333,16,9,1.25,5,3.22,66,45.0,43.35,1,High Risk (Intervention Required)
STU_10262,F,18,R,GT3,A,1,0,2,2,0,yes,yes,yes,no,no,5,40,34,85.0,82.88,52.0,100.0,16,19,5.75,19,8.55,244,95.0,77.17,0,Low Risk (On Track)
STU_10263,M,18,U,LE3,T,3,4,1,1,0,yes,yes,no,no,no,5,40,39,97.5,86.19,60.5,100.0,16,18,6.25,26,9.72,178,90.0,83.95,0,Low Risk (On Track)
STU_10264,M,21,U,GT3,A,0,1,3,4,0,yes,yes,yes,yes,yes,3,40,39,97.5,86.25,67.0,100.0,16,18,4.75,23,10.51,208,90.0,71.28,0,Low Risk (On Track)
STU_10265,M,19,U,LE3,A,3,2,2,2,0,yes,yes,yes,no,no,3,40,32,80.0,37.43,2.5,91.0,16,17,6.25,26,11.39,220,85.0,31.33,1,High Risk (Intervention Required)
STU_10266,F,18,U,GT3,A,4,0,1,2,0,yes,no,no,yes,no,5,40,37,92.5,82.43,65.99999999999999,97.5,16,8,2.0,7,3.11,65,40.0,79.42,0,Low Risk (On Track)
STU_10267,F,19,R,GT3,T,2,3,2,3,1,no,yes,no,yes,no,2,40,39,97.5,81.34,38.99999999999999,100.0,16,20,6.5,21,8.76,240,100.0,74.35,0,Low Risk (On Track)
STU_10268,M,20,R,GT3,T,2,1,1,2,0,no,yes,yes,no,no,3,40,33,82.5,79.52,38.0,100.0,16,19,6.0,17,9.59,177,95.0,84.05,0,Low Risk (On Track)
STU_10269,M,21,R,LE3,T,3,1,1,1,0,yes,yes,yes,no,yes,1,40,38,95.0,40.68,15.333333333333332,72.0,16,17,6.5,17,9.92,254,85.0,32.96,1,High Risk (Intervention Required)
STU_10270,M,21,R,LE3,T,3,2,2,2,3,no,no,yes,no,no,2,40,38,95.0,80.47,26.999999999999996,100.0,16,17,6.0,18,8.32,223,85.0,76.71,0,Low Risk (On Track)
STU_10271,M,18,R,GT3,T,4,2,1,2,0,yes,no,no,yes,yes,2,40,30,75.0,77.73,51.0,100.0,16,9,2.0,4,2.82,83,45.0,76.25,0,Low Risk (On Track)
STU_10272,F,19,R,GT3,A,1,4,1,2,2,no,no,yes,no,no,2,40,38,95.0,80.15,56.50000000000001,100.0,16,16,5.25,15,11.82,223,80.0,83.92,0,Low Risk (On Track)
STU_10273,F,20,R,GT3,A,2,3,1,1,0,yes,yes,no,yes,no,4,40,39,97.5,46.05,10.666666666666668,80.0,16,18,5.0,23,10.88,256,90.0,38.31,1,High Risk (Intervention Required)
STU_10274,M,18,U,GT3,T,1,3,1,4,1,no,no,no,no,yes,4,40,31,77.5,88.7,61.33333333333333,100.0,16,17,6.0,24,10.46,168,85.0,91.35,0,Low Risk (On Track)
STU_10275,M,19,U,LE3,A,3,0,1,2,0,no,no,yes,no,yes,3,40,39,97.5,80.96,52.0,100.0,16,18,6.75,27,8.82,265,90.0,79.0,0,Low Risk (On Track)
STU_10276,M,19,U,GT3,A,2,4,1,3,1,no,no,no,yes,yes,3,40,38,95.0,82.71,44.333333333333336,100.0,16,9,2.0,6,3.3,63,45.0,76.78,0,Low Risk (On Track)
STU_10277,F,19,R,LE3,T,1,2,1,2,0,no,no,no,no,no,5,40,32,80.0,39.65,0.0,89.49999999999999,16,20,6.75,13,9.82,186,100.0,39.5,1,High Risk (Intervention Required)
STU_10278,F,19,U,LE3,T,1,2,3,3,0,yes,no,yes,yes,yes,4,40,35,87.5,80.39,46.33333333333333,100.0,16,17,5.0,32,9.51,246,85.0,79.19,0,Low Risk (On Track)
STU_10279,M,17,R,LE3,T,2,4,1,2,1,no,yes,yes,no,no,2,40,37,92.5,86.44,52.33333333333333,100.0,16,17,5.25,25,10.45,207,85.0,82.04,0,Low Risk (On Track)
STU_10280,M,19,U,LE3,T,2,2,3,2,1,no,no,yes,yes,no,5,40,36,90.0,79.6,31.0,100.0,16,17,4.5,27,11.32,211,85.0,77.88,0,Low Risk (On Track)
STU_10281,F,19,R,GT3,A,4,1,2,2,0,no,yes,no,yes,yes,5,40,39,97.5,47.43,23.0,73.0,16,10,2.0,6,2.76,81,50.0,43.89,1,High Risk (Intervention Required)
STU_10282,M,18,R,LE3,A,3,2,1,2,0,yes,yes,no,yes,no,5,40,37,92.5,80.69,54.333333333333336,100.0,16,18,5.5,19,11.83,190,90.0,79.14,0,Low Risk (On Track)
STU_10283,F,18,U,GT3,A,1,2,1,2,0,no,no,no,no,yes,1,40,33,82.5,77.17,32.99999999999999,100.0,16,17,7.0,26,11.88,187,85.0,77.82,0,Low Risk (On Track)
STU_10284,M,18,U,GT3,A,2,4,1,2,0,yes,yes,yes,no,no,2,40,33,82.5,76.9,44.00000000000001,100.0,16,18,4.75,27,10.96,203,90.0,81.24,0,Low Risk (On Track)
STU_10285,F,20,U,LE3,T,0,3,1,2,1,no,no,no,yes,no,1,40,38,95.0,51.19,0.0,90.0,16,19,6.25,33,10.88,190,95.0,44.24,0,Low Risk (On Track)
STU_10286,M,18,R,LE3,A,1,1,3,2,0,yes,yes,yes,no,no,2,40,27,67.5,80.7,48.333333333333336,100.0,16,9,2.5,2,3.08,72,45.0,87.23,1,High Risk (Intervention Required)
STU_10287,M,18,U,LE3,A,3,2,3,1,0,yes,no,no,no,yes,3,40,40,100.0,76.16,47.5,100.0,16,19,6.25,21,10.33,167,95.0,66.35,0,Low Risk (On Track)
STU_10288,M,21,U,LE3,T,3,2,1,3,0,no,yes,yes,yes,no,5,40,38,95.0,79.34,30.0,100.0,16,18,5.75,22,8.07,208,90.0,76.73,0,Low Risk (On Track)
STU_10289,M,18,U,LE3,T,3,0,2,2,2,yes,yes,no,yes,yes,2,40,31,77.5,33.2,0.0,54.50000000000001,16,18,5.75,11,7.93,215,90.0,33.55,1,High Risk (Intervention Required)
STU_10290,F,18,R,GT3,T,0,3,1,1,1,no,no,no,no,yes,5,40,39,97.5,76.3,35.0,100.0,16,19,6.25,15,10.4,208,95.0,75.42,0,Low Risk (On Track)
STU_10291,M,19,R,GT3,A,4,4,1,2,0,no,no,no,yes,no,2,40,39,97.5,81.88,43.49999999999999,100.0,16,9,2.0,4,3.12,59,45.0,77.39,0,Low Risk (On Track)
STU_10292,M,19,R,LE3,A,0,4,2,1,0,yes,no,no,no,no,1,40,33,82.5,71.91,21.5,100.0,16,17,6.0,15,9.22,211,85.0,69.08,0,Low Risk (On Track)
STU_10293,M,19,U,LE3,T,1,0,1,2,0,no,no,no,yes,no,2,40,38,95.0,41.58,6.000000000000001,69.0,16,16,5.5,23,10.65,246,80.0,37.61,1,High Risk (Intervention Required)
STU_10294,M,17,U,GT3,T,3,0,1,3,1,no,yes,no,yes,yes,3,40,38,95.0,82.86,53.0,100.0,16,19,5.0,21,13.39,196,95.0,78.5,0,Low Risk (On Track)
STU_10295,M,21,U,LE3,T,4,3,1,2,0,yes,no,yes,no,no,4,40,28,70.0,75.02,27.999999999999996,100.0,16,19,5.25,29,7.03,213,95.0,76.42,0,Low Risk (On Track)
STU_10296,M,18,U,GT3,A,1,4,4,2,0,no,no,no,no,no,3,40,37,92.5,87.65,63.66666666666667,100.0,16,7,1.5,4,2.46,72,35.0,87.08,0,Low Risk (On Track)
STU_10297,M,19,U,GT3,A,2,3,1,2,0,no,yes,yes,no,yes,3,40,35,87.5,39.78,8.0,79.0,16,18,6.25,20,13.02,200,90.0,35.01,1,High Risk (Intervention Required)
STU_10298,M,18,R,LE3,A,4,4,2,4,0,yes,no,no,yes,yes,3,40,35,87.5,80.38,59.333333333333336,100.0,16,17,4.75,16,9.72,148,85.0,81.98,0,Low Risk (On Track)
STU_10299,F,21,U,LE3,A,2,0,2,2,0,yes,no,no,yes,no,5,40,40,100.0,83.8,62.66666666666667,100.0,16,19,6.75,18,10.18,230,95.0,83.03,0,Low Risk (On Track)
STU_10300,M,19,R,LE3,A,0,0,3,2,1,no,no,yes,yes,yes,4,40,39,97.5,81.15,50.5,100.0,16,17,6.5,30,10.4,192,85.0,82.4,0,Low Risk (On Track)
STU_10301,M,18,U,GT3,T,2,4,2,1,0,no,no,yes,yes,no,3,40,32,80.0,48.62,12.666666666666664,78.49999999999999,16,11,2.0,2,2.92,71,55.0,49.14,1,High Risk (Intervention Required)
STU_10302,F,18,R,LE3,A,4,0,1,2,0,no,yes,yes,no,yes,4,40,37,92.5,80.86,50.5,100.0,16,17,4.75,17,10.66,248,85.0,75.54,0,Low Risk (On Track)
STU_10303,F,19,U,LE3,T,0,2,2,2,2,yes,yes,no,no,no,3,40,37,92.5,79.54,44.0,100.0,16,17,6.75,29,8.34,213,85.0,75.3,0,Low Risk (On Track)
STU_10304,M,18,U,GT3,T,2,4,2,3,0,no,yes,yes,yes,no,2,40,36,90.0,82.2,43.666666666666664,100.0,16,19,6.0,29,9.95,234,95.0,83.19,0,Low Risk (On Track)
STU_10305,M,18,U,LE3,T,2,0,1,3,0,no,yes,no,yes,yes,2,40,40,100.0,40.07,10.333333333333334,75.5,16,20,5.75,17,11.56,207,100.0,40.51,1,High Risk (Intervention Required)
STU_10306,F,19,U,LE3,A,4,4,1,1,0,no,yes,no,yes,yes,4,40,38,95.0,82.34,61.33333333333333,100.0,16,11,1.5,4,2.78,67,55.0,80.26,0,Low Risk (On Track)
STU_10307,F,19,R,LE3,T,2,3,1,2,3,yes,no,no,yes,yes,2,40,27,67.5,81.09,57.49999999999999,100.0,16,18,6.5,20,7.11,235,90.0,79.56,1,High Risk (Intervention Required)
STU_10308,F,19,U,LE3,T,4,2,1,2,0,no,no,no,no,yes,5,40,40,100.0,81.7,47.0,100.0,16,17,6.0,22,9.84,179,85.0,84.81,0,Low Risk (On Track)
STU_10309,F,20,R,GT3,T,4,2,1,2,0,yes,yes,no,yes,no,2,40,39,97.5,43.29,25.5,66.0,16,20,6.5,26,8.64,201,100.0,38.92,1,High Risk (Intervention Required)
STU_10310,M,19,R,GT3,A,4,1,1,1,0,yes,yes,no,yes,no,2,40,33,82.5,79.21,55.333333333333336,100.0,16,19,6.75,18,6.9,266,95.0,79.4,0,Low Risk (On Track)
STU_10311,M,18,U,LE3,A,1,0,2,3,0,no,no,no,no,yes,2,40,37,92.5,83.82,57.99999999999999,100.0,16,7,1.5,3,3.13,48,35.0,81.01,0,Low Risk (On Track)
STU_10312,M,18,U,GT3,T,4,1,1,1,0,no,yes,no,no,yes,4,40,39,97.5,81.51,54.666666666666664,100.0,16,18,6.75,30,11.12,178,90.0,78.64,0,Low Risk (On Track)
STU_10313,F,19,U,LE3,T,0,3,2,1,0,no,yes,yes,yes,yes,2,40,35,87.5,34.88,12.000000000000002,65.5,16,19,5.5,23,10.36,186,95.0,37.28,1,High Risk (Intervention Required)
STU_10314,F,21,R,GT3,A,1,3,1,1,0,no,no,no,yes,yes,4,40,40,100.0,79.82,46.666666666666664,100.0,16,19,5.75,29,12.61,206,95.0,81.12,0,Low Risk (On Track)
STU_10315,F,20,U,LE3,A,0,4,1,3,2,yes,no,no,no,no,3,40,38,95.0,77.92,55.333333333333336,100.0,16,17,6.0,19,7.44,168,85.0,79.17,0,Low Risk (On Track)
STU_10316,F,18,R,LE3,T,3,3,1,2,0,yes,no,no,no,no,1,40,32,80.0,82.85,41.0,100.0,16,12,2.25,4,2.86,82,60.0,86.07,0,Low Risk (On Track)
STU_10317,M,19,U,GT3,T,2,2,2,4,1,yes,yes,yes,no,no,1,40,40,100.0,34.45,4.5,60.333333333333336,16,20,6.0,31,7.83,224,100.0,32.53,1,High Risk (Intervention Required)
STU_10318,F,20,U,GT3,A,0,1,3,2,0,yes,yes,yes,yes,yes,4,40,38,95.0,83.52,62.66666666666667,100.0,16,18,5.75,30,12.33,233,90.0,84.25,0,Low Risk (On Track)
STU_10319,F,18,R,GT3,T,0,1,4,1,1,yes,no,no,no,yes,5,40,33,82.5,76.1,23.333333333333332,100.0,16,18,5.5,22,11.11,208,90.0,72.86,0,Low Risk (On Track)
STU_10320,F,18,R,GT3,A,3,0,2,1,1,no,yes,yes,yes,yes,1,40,38,95.0,84.09,52.0,100.0,16,17,6.0,31,11.02,277,85.0,83.39,0,Low Risk (On Track)
STU_10321,F,17,U,GT3,A,0,0,1,4,0,no,yes,no,no,yes,1,40,39,97.5,39.88,16.499999999999996,68.0,16,12,2.5,5,3.05,66,60.0,37.36,1,High Risk (Intervention Required)
STU_10322,F,18,R,LE3,A,4,0,1,1,0,no,no,no,yes,yes,5,40,33,82.5,76.71,47.0,100.0,16,19,5.75,9,9.61,172,95.0,75.1,0,Low Risk (On Track)
STU_10323,M,18,U,GT3,A,3,4,2,2,0,no,yes,no,no,no,2,40,37,92.5,75.99,49.5,100.0,16,17,7.0,26,10.72,220,85.0,76.37,0,Low Risk (On Track)
STU_10324,M,20,U,LE3,T,0,3,2,1,1,no,no,yes,no,no,5,40,36,90.0,84.05,62.33333333333333,100.0,16,19,5.75,27,10.18,195,95.0,78.78,0,Low Risk (On Track)
STU_10325,M,17,U,GT3,A,0,2,1,2,1,yes,no,no,no,yes,2,40,35,87.5,35.96,0.0,61.5,16,18,5.5,11,9.55,231,90.0,42.33,1,High Risk (Intervention Required)
STU_10326,M,18,R,GT3,A,0,1,1,2,1,no,no,no,yes,no,5,40,39,97.5,80.89,59.5,100.0,16,10,3.0,6,2.66,70,50.0,74.87,0,Low Risk (On Track)
STU_10327,F,19,U,LE3,A,2,0,4,2,0,no,yes,no,yes,yes,3,40,39,97.5,77.42,47.333333333333336,100.0,16,18,5.75,17,9.17,231,90.0,70.56,0,Low Risk (On Track)
STU_10328,F,20,R,GT3,T,3,1,1,3,0,no,yes,yes,no,yes,2,40,34,85.0,75.51,44.333333333333336,100.0,16,20,6.75,21,9.49,269,100.0,78.14,0,Low Risk (On Track)
STU_10329,M,19,U,GT3,T,1,2,3,3,0,no,yes,yes,yes,yes,1,40,38,95.0,40.44,4.5,81.0,16,18,5.25,12,10.02,256,90.0,41.61,1,High Risk (Intervention Required)
STU_10330,F,18,U,LE3,A,0,4,3,2,1,yes,no,yes,no,yes,3,40,36,90.0,77.45,37.66666666666667,100.0,16,18,5.75,18,9.93,172,90.0,77.95,0,Low Risk (On Track)
STU_10331,M,18,R,GT3,A,0,2,1,2,0,yes,yes,no,no,no,2,40,36,90.0,72.86,45.33333333333333,100.0,16,10,2.25,4,3.1,74,50.0,73.37,0,Low Risk (On Track)
STU_10332,F,19,U,LE3,A,4,2,1,1,0,yes,yes,no,yes,yes,4,40,38,95.0,84.8,55.49999999999999,100.0,16,18,7.25,19,7.38,274,90.0,82.75,0,Low Risk (On Track)
STU_10333,F,18,R,GT3,A,2,1,2,2,0,no,yes,yes,no,yes,4,40,35,87.5,40.73,0.0,78.66666666666667,16,18,5.5,33,12.1,226,90.0,35.14,1,High Risk (Intervention Required)
STU_10334,F,19,R,GT3,T,1,1,3,2,2,no,yes,no,no,no,4,40,31,77.5,81.52,63.5,100.0,16,17,5.75,10,10.04,184,85.0,79.82,0,Low Risk (On Track)
STU_10335,M,18,U,GT3,A,3,1,1,2,0,yes,no,yes,no,yes,3,40,38,95.0,81.3,46.33333333333333,100.0,16,19,6.75,28,9.05,210,95.0,76.59,0,Low Risk (On Track)
STU_10336,F,19,R,LE3,T,4,1,4,2,0,no,no,no,yes,yes,1,40,40,100.0,84.77,48.666666666666664,100.0,16,8,2.5,2,2.84,71,40.0,86.67,0,Low Risk (On Track)
STU_10337,F,18,R,GT3,T,3,1,1,2,0,no,no,no,yes,yes,2,40,32,80.0,38.35,0.0,75.5,16,18,6.0,18,11.85,217,90.0,35.76,1,High Risk (Intervention Required)
STU_10338,M,21,U,LE3,T,3,4,1,2,0,yes,no,no,no,no,3,40,37,92.5,78.47,35.666666666666664,100.0,16,17,6.75,23,10.28,276,85.0,73.17,0,Low Risk (On Track)
STU_10339,M,19,R,LE3,A,0,2,3,4,0,no,yes,no,yes,yes,4,40,38,95.0,73.53,7.333333333333333,100.0,16,17,5.0,21,10.12,245,85.0,70.24,0,Low Risk (On Track)
STU_10340,F,19,R,GT3,A,3,4,1,1,0,no,no,no,yes,no,2,40,32,80.0,84.21,67.66666666666666,100.0,16,17,7.0,31,11.11,207,85.0,83.86,0,Low Risk (On Track)
STU_10341,M,17,U,LE3,A,3,1,1,2,0,no,no,yes,no,no,5,40,39,97.5,41.36,0.0,66.0,16,8,2.25,3,2.46,71,40.0,37.11,1,High Risk (Intervention Required)
STU_10342,F,18,U,LE3,A,4,0,2,3,0,no,no,no,yes,yes,5,40,39,97.5,79.35,53.66666666666667,100.0,16,20,6.25,21,8.24,229,100.0,74.06,0,Low Risk (On Track)
STU_10343,F,20,U,GT3,T,1,4,4,4,1,no,yes,yes,yes,no,1,40,32,80.0,88.0,59.0,100.0,16,17,6.75,21,10.4,298,85.0,86.97,0,Low Risk (On Track)
STU_10344,F,19,R,LE3,A,3,4,3,2,0,no,no,no,yes,yes,5,40,39,97.5,83.91,55.666666666666664,100.0,16,19,4.75,26,11.13,191,95.0,82.89,0,Low Risk (On Track)
STU_10345,F,20,R,LE3,A,4,1,2,2,0,yes,no,no,yes,yes,5,40,36,90.0,44.99,15.333333333333332,75.0,16,18,6.75,27,9.56,218,90.0,40.96,1,High Risk (Intervention Required)
STU_10346,M,21,R,GT3,T,4,2,1,2,0,yes,yes,no,no,yes,3,40,35,87.5,77.22,26.999999999999996,100.0,16,14,1.75,4,2.56,80,70.0,73.34,0,Low Risk (On Track)
STU_10347,M,19,U,GT3,T,1,4,3,1,0,no,no,yes,no,yes,2,40,39,97.5,76.7,40.666666666666664,100.0,16,18,6.25,23,9.55,221,90.0,75.63,0,Low Risk (On Track)
STU_10348,F,18,R,LE3,T,1,3,1,2,0,yes,no,no,no,no,2,40,38,95.0,80.97,53.0,100.0,16,19,6.5,20,9.75,231,95.0,73.18,0,Low Risk (On Track)
STU_10349,F,17,R,GT3,A,4,0,1,2,0,no,no,no,no,no,1,40,34,85.0,40.42,0.0,91.5,16,16,6.5,8,7.5,277,80.0,32.79,1,High Risk (Intervention Required)
STU_10350,F,19,R,GT3,T,4,1,1,2,3,no,yes,yes,yes,yes,4,40,37,92.5,84.93,51.0,100.0,16,20,6.75,35,9.66,265,100.0,80.06,0,Low Risk (On Track)
STU_10351,M,19,R,GT3,T,2,2,1,1,0,yes,yes,yes,yes,yes,4,40,35,87.5,81.28,54.666666666666664,100.0,16,10,2.0,8,3.19,73,50.0,78.43,0,Low Risk (On Track)
STU_10352,M,21,U,GT3,A,3,0,2,4,0,no,no,no,yes,yes,3,40,35,87.5,77.56,49.333333333333336,100.0,16,19,4.75,13,12.04,160,95.0,76.8,0,Low Risk (On Track)
STU_10353,M,18,R,LE3,A,2,1,1,2,2,no,yes,no,yes,yes,5,40,36,90.0,34.2,7.333333333333333,62.5,16,18,5.25,18,10.24,237,90.0,38.1,1,High Risk (Intervention Required)
STU_10354,F,18,U,GT3,A,0,0,1,2,0,no,yes,no,yes,yes,1,40,39,97.5,81.08,28.999999999999996,100.0,16,19,6.0,21,9.39,210,95.0,82.51,0,Low Risk (On Track)
STU_10355,F,18,R,GT3,T,4,3,1,2,0,yes,yes,yes,no,no,1,40,31,77.5,81.65,59.5,100.0,16,18,5.5,22,7.48,211,90.0,79.01,0,Low Risk (On Track)
STU_10356,F,18,R,GT3,T,0,2,1,4,0,no,no,yes,yes,yes,4,40,35,87.5,76.59,43.0,100.0,16,8,2.0,4,2.6,86,40.0,74.51,0,Low Risk (On Track)
STU_10357,M,18,R,LE3,A,3,0,3,2,0,yes,yes,yes,yes,no,4,40,35,87.5,47.49,3.0,85.50000000000001,16,18,6.75,20,8.56,188,90.0,41.48,1,High Risk (Intervention Required)
STU_10358,M,20,R,GT3,A,0,0,1,2,0,no,yes,yes,no,yes,5,40,34,85.0,79.92,62.0,100.0,16,20,5.5,19,9.44,267,100.0,77.85,0,Low Risk (On Track)
STU_10359,M,21,U,LE3,A,0,3,3,2,0,yes,yes,yes,yes,no,1,40,39,97.5,78.74,53.99999999999999,100.0,16,18,5.5,25,9.47,204,90.0,75.59,0,Low Risk (On Track)
STU_10360,F,19,U,LE3,T,3,4,2,1,1,no,no,no,no,yes,5,40,37,92.5,83.47,43.0,100.0,16,20,6.0,17,12.58,228,100.0,82.76,0,Low Risk (On Track)
STU_10361,M,18,U,LE3,T,2,0,1,1,0,no,yes,no,yes,yes,2,40,29,72.5,44.82,17.5,83.66666666666667,16,13,2.5,8,2.71,65,65.0,39.51,1,High Risk (Intervention Required)
STU_10362,M,20,R,LE3,T,3,0,1,1,0,no,no,no,yes,yes,2,40,35,87.5,77.93,44.666666666666664,100.0,16,19,6.75,20,8.07,207,95.0,78.01,0,Low Risk (On Track)
STU_10363,F,19,R,LE3,T,4,0,2,3,0,yes,no,no,no,yes,5,40,39,97.5,78.19,45.33333333333333,100.0,16,19,5.0,20,10.38,264,95.0,82.32,0,Low Risk (On Track)
STU_10364,M,18,U,GT3,T,3,1,1,1,1,no,no,yes,yes,yes,1,40,35,87.5,86.39,54.0,100.0,16,20,4.75,10,7.52,240,100.0,83.95,0,Low Risk (On Track)
STU_10365,F,18,R,GT3,A,4,3,1,3,2,yes,yes,yes,no,yes,1,40,39,97.5,40.42,9.000000000000002,77.99999999999999,16,18,6.75,35,11.2,190,90.0,40.03,1,High Risk (Intervention Required)
STU_10366,M,20,R,GT3,T,2,1,2,2,0,no,yes,no,yes,yes,4,40,39,97.5,84.32,63.33333333333333,100.0,16,12,2.25,3,2.92,74,60.0,85.08,0,Low Risk (On Track)
STU_10367,F,18,R,LE3,T,4,3,1,2,0,yes,no,no,yes,no,2,40,38,95.0,79.2,49.5,100.0,16,20,5.5,24,10.56,221,100.0,75.6,0,Low Risk (On Track)
STU_10368,M,19,U,GT3,T,0,3,1,1,0,no,yes,yes,yes,yes,4,40,35,87.5,80.69,52.5,100.0,16,18,6.5,20,11.3,249,90.0,79.59,0,Low Risk (On Track)
STU_10369,F,21,U,GT3,A,2,0,2,3,0,no,no,yes,yes,yes,4,40,35,87.5,38.21,5.0,64.0,16,17,6.25,23,8.21,193,85.0,36.26,1,High Risk (Intervention Required)
STU_10370,M,17,R,LE3,A,4,3,1,3,1,no,no,yes,yes,yes,4,40,33,82.5,80.09,48.333333333333336,100.0,16,18,5.75,24,9.25,188,90.0,78.48,0,Low Risk (On Track)
STU_10371,M,18,R,LE3,T,0,3,2,1,0,yes,no,no,yes,no,2,40,38,95.0,85.62,38.0,100.0,16,9,3.0,5,2.99,73,45.0,80.53,0,Low Risk (On Track)
STU_10372,F,19,U,LE3,A,2,4,1,2,0,yes,yes,no,yes,no,1,40,38,95.0,78.64,58.666666666666664,97.5,16,18,5.25,25,10.2,216,90.0,76.74,0,Low Risk (On Track)
STU_10373,M,18,R,LE3,A,2,1,2,3,0,yes,yes,no,yes,yes,4,40,34,85.0,39.09,10.500000000000002,72.5,16,19,6.25,8,12.55,241,95.0,39.08,1,High Risk (Intervention Required)
STU_10374,M,20,U,GT3,A,2,4,2,2,0,no,no,no,yes,no,5,40,39,97.5,78.58,48.5,100.0,16,16,5.25,31,13.85,238,80.0,82.38,0,Low Risk (On Track)
STU_10375,F,19,R,LE3,T,3,0,1,3,0,yes,yes,yes,no,yes,2,40,37,92.5,78.21,52.0,100.0,16,19,5.5,20,9.99,181,95.0,80.05,0,Low Risk (On Track)
STU_10376,F,18,U,LE3,A,3,4,3,2,0,yes,no,yes,yes,yes,2,40,30,75.0,78.25,34.0,100.0,16,7,2.5,1,2.89,67,35.0,84.86,0,Low Risk (On Track)
STU_10377,F,19,R,GT3,A,4,4,2,2,0,yes,no,yes,no,yes,4,40,38,95.0,40.84,17.666666666666668,76.0,16,18,4.0,23,8.9,225,90.0,35.77,1,High Risk (Intervention Required)
STU_10378,F,22,U,LE3,A,2,3,4,2,0,no,yes,yes,yes,yes,2,40,38,95.0,76.27,38.5,100.0,16,17,5.5,34,8.72,183,85.0,77.76,0,Low Risk (On Track)
STU_10379,M,17,R,LE3,A,2,2,1,2,0,no,no,yes,no,no,5,40,31,77.5,85.75,60.0,100.0,16,19,5.5,37,9.94,196,95.0,84.48,0,Low Risk (On Track)
STU_10380,M,19,U,LE3,A,3,1,3,4,0,no,no,no,no,yes,5,40,36,90.0,79.82,28.333333333333332,100.0,16,19,4.75,20,9.75,209,95.0,86.58,0,Low Risk (On Track)
STU_10381,F,18,U,GT3,T,1,4,1,1,0,yes,no,no,yes,no,1,40,39,97.5,37.9,22.0,67.0,16,10,2.5,5,3.2,82,50.0,32.67,1,High Risk (Intervention Required)
STU_10382,M,19,U,GT3,T,0,0,1,2,0,yes,no,yes,no,no,5,40,33,82.5,81.46,62.0,100.0,16,18,7.0,13,7.7,192,90.0,76.1,0,Low Risk (On Track)
STU_10383,M,21,R,GT3,T,3,2,1,1,0,no,no,yes,yes,no,4,40,37,92.5,83.42,35.5,100.0,16,17,6.25,21,10.65,231,85.0,79.02,0,Low Risk (On Track)
STU_10384,F,18,R,GT3,T,4,4,1,1,0,no,yes,no,yes,yes,4,40,36,90.0,83.66,51.33333333333333,100.0,16,17,5.75,17,10.93,205,85.0,73.16,0,Low Risk (On Track)
STU_10385,F,19,R,LE3,T,1,3,1,2,1,no,no,no,no,yes,1,40,36,90.0,38.92,4.5,70.5,16,17,5.75,18,9.49,204,85.0,34.82,1,High Risk (Intervention Required)
STU_10386,M,18,R,GT3,T,2,3,1,4,0,yes,yes,no,no,yes,5,40,36,90.0,77.08,56.00000000000001,100.0,16,14,2.75,4,3.36,57,70.0,72.04,0,Low Risk (On Track)
STU_10387,F,19,R,GT3,A,0,2,1,2,1,yes,yes,yes,no,no,2,40,37,92.5,77.03,47.333333333333336,100.0,16,17,6.0,22,11.66,215,85.0,75.63,0,Low Risk (On Track)
STU_10388,F,18,R,GT3,A,2,0,1,2,2,yes,yes,yes,yes,no,3,40,33,82.5,74.45,42.66666666666667,100.0,16,18,5.75,20,9.91,207,90.0,73.82,0,Low Risk (On Track)
STU_10389,F,18,R,LE3,A,1,0,1,2,1,no,no,yes,yes,yes,2,40,37,92.5,40.73,20.5,82.66666666666667,16,18,4.75,17,9.8,254,90.0,46.23,1,High Risk (Intervention Required)
STU_10390,M,20,U,GT3,A,0,0,2,4,0,no,no,yes,no,no,2,40,38,95.0,82.68,37.0,100.0,16,18,5.75,16,12.48,235,90.0,84.48,0,Low Risk (On Track)
STU_10391,F,17,U,LE3,T,1,1,1,1,3,no,yes,yes,yes,no,4,40,36,90.0,78.52,38.0,100.0,16,7,1.75,3,2.48,90,35.0,74.21,1,High Risk (Intervention Required)
STU_10392,M,18,U,LE3,A,0,2,1,2,0,yes,yes,yes,yes,yes,3,40,38,95.0,79.66,45.49999999999999,100.0,16,20,6.0,25,7.75,172,100.0,74.07,0,Low Risk (On Track)
STU_10393,M,18,R,GT3,A,1,4,2,2,0,yes,yes,yes,yes,yes,3,40,37,92.5,34.92,0.0,58.5,16,17,6.25,18,7.45,198,85.0,34.89,1,High Risk (Intervention Required)
STU_10394,M,21,U,LE3,T,4,3,1,2,0,yes,yes,no,no,no,2,40,36,90.0,78.16,62.0,100.0,16,18,6.75,13,10.19,232,90.0,70.88,0,Low Risk (On Track)
STU_10395,M,19,R,LE3,A,0,4,1,3,0,yes,yes,no,no,yes,4,40,38,95.0,76.03,44.666666666666664,100.0,16,17,6.5,24,8.12,230,85.0,81.36,0,Low Risk (On Track)
STU_10396,F,19,R,GT3,T,4,3,1,3,0,yes,no,no,yes,yes,4,40,34,85.0,81.55,38.333333333333336,100.0,16,11,2.5,4,3.15,64,55.0,84.27,0,Low Risk (On Track)
STU_10397,M,18,U,LE3,T,3,3,2,4,0,yes,yes,no,yes,no,2,40,30,75.0,46.14,17.333333333333336,100.0,16,17,6.0,23,7.58,182,85.0,42.26,1,High Risk (Intervention Required)
STU_10398,F,18,R,GT3,A,4,4,1,3,0,no,no,no,no,no,5,40,37,92.5,81.15,49.333333333333336,100.0,16,17,6.0,25,7.84,185,85.0,72.3,0,Low Risk (On Track)
STU_10399,F,18,R,LE3,T,2,3,1,2,0,yes,yes,yes,no,yes,2,40,39,97.5,82.49,43.0,100.0,16,19,5.25,27,11.93,211,95.0,85.91,0,Low Risk (On Track)
STU_10400,F,19,R,LE3,A,4,4,1,1,1,no,no,yes,no,no,4,40,34,85.0,84.05,61.66666666666667,100.0,16,17,5.75,24,8.83,244,85.0,81.59,0,Low Risk (On Track)
STU_10401,F,19,U,LE3,A,0,3,1,3,0,yes,yes,yes,no,yes,4,40,35,87.5,38.65,0.0,78.0,16,10,2.0,5,2.84,80,50.0,41.6,1,High Risk (Intervention Required)
STU_10402,F,18,R,GT3,T,4,3,2,2,0,no,yes,yes,no,no,4,40,39,97.5,85.71,58.5,100.0,16,19,7.25,33,8.96,218,95.0,77.33,0,Low Risk (On Track)
STU_10403,F,19,R,GT3,A,0,0,2,1,0,yes,no,no,yes,no,3,40,33,82.5,76.47,43.0,100.0,16,19,5.5,24,8.72,216,95.0,72.07,0,Low Risk (On Track)
STU_10404,F,19,U,LE3,T,1,2,2,4,0,no,yes,no,yes,yes,5,40,36,90.0,79.01,43.0,100.0,16,18,5.75,24,11.77,237,90.0,77.03,0,Low Risk (On Track)
STU_10405,F,17,R,GT3,A,0,3,2,4,0,no,no,yes,no,yes,2,40,36,90.0,42.17,0.0,73.5,16,19,5.75,19,12.87,230,95.0,40.36,1,High Risk (Intervention Required)
STU_10406,F,19,R,LE3,A,2,3,1,2,3,yes,yes,no,no,yes,3,40,35,87.5,85.84,41.66666666666667,100.0,16,9,1.0,3,2.71,63,45.0,82.04,1,High Risk (Intervention Required)
STU_10407,F,20,U,LE3,A,2,0,2,2,0,no,yes,no,no,no,5,40,40,100.0,79.0,57.333333333333336,100.0,16,18,5.75,11,10.61,199,90.0,79.49,0,Low Risk (On Track)
STU_10408,F,18,R,GT3,A,4,1,3,2,0,yes,no,yes,no,no,5,40,40,100.0,78.03,55.49999999999999,100.0,16,18,6.0,29,10.34,240,90.0,71.76,0,Low Risk (On Track)
STU_10409,F,21,U,LE3,A,3,1,1,3,1,no,no,no,yes,yes,4,40,35,87.5,40.36,9.333333333333332,78.33333333333333,16,17,5.0,20,8.68,246,85.0,37.79,1,High Risk (Intervention Required)
STU_10410,F,20,U,GT3,T,3,1,1,1,0,no,no,no,no,no,1,40,37,92.5,80.08,50.66666666666666,100.0,16,18,7.0,28,12.41,169,90.0,78.56,0,Low Risk (On Track)
STU_10411,M,18,U,LE3,A,2,4,1,3,2,no,yes,yes,yes,no,5,40,39,97.5,81.31,39.333333333333336,100.0,16,9,2.25,3,2.47,69,45.0,81.37,1,High Risk (Intervention Required)
STU_10412,F,21,R,GT3,T,3,1,1,2,0,yes,no,no,yes,yes,5,40,32,80.0,82.2,30.5,100.0,16,18,6.0,30,11.47,242,90.0,83.05,0,Low Risk (On Track)
STU_10413,M,20,R,GT3,A,1,3,1,1,0,no,no,no,no,yes,4,40,36,90.0,37.66,7.333333333333333,55.49999999999999,16,18,5.25,19,8.89,219,90.0,31.16,1,High Risk (Intervention Required)
STU_10414,F,19,U,GT3,A,3,1,4,3,2,no,no,no,no,yes,5,40,36,90.0,82.39,49.333333333333336,100.0,16,19,5.75,27,6.18,237,95.0,74.25,0,Low Risk (On Track)
STU_10415,M,20,U,LE3,A,4,3,1,4,0,yes,yes,no,no,yes,4,40,31,77.5,83.58,46.666666666666664,100.0,16,19,5.5,16,7.8,265,95.0,86.69,0,Low Risk (On Track)
STU_10416,F,18,U,GT3,T,1,3,2,3,1,no,yes,no,yes,no,4,40,40,100.0,77.95,53.49999999999999,100.0,16,11,1.75,5,2.03,88,55.0,77.28,0,Low Risk (On Track)
STU_10417,F,21,R,GT3,T,1,2,1,2,0,no,no,yes,yes,yes,4,40,39,97.5,39.1,7.000000000000001,77.99999999999999,16,18,7.0,17,8.4,210,90.0,34.11,1,High Risk (Intervention Required)
STU_10418,M,17,U,GT3,A,4,0,1,1,0,yes,no,no,no,no,2,40,34,85.0,79.3,47.0,100.0,16,19,5.25,16,12.34,181,95.0,83.5,0,Low Risk (On Track)
STU_10419,F,18,R,GT3,T,0,3,1,2,0,yes,yes,yes,yes,yes,4,40,38,95.0,81.85,61.33333333333333,100.0,16,17,6.25,25,8.31,208,85.0,80.31,0,Low Risk (On Track)
STU_10420,M,18,U,LE3,A,4,3,2,1,2,yes,yes,yes,no,no,4,40,37,92.5,81.66,53.99999999999999,100.0,16,17,4.75,16,9.49,192,85.0,84.38,0,Low Risk (On Track)
STU_10421,M,18,U,LE3,A,2,3,1,2,0,yes,no,yes,no,yes,4,40,34,85.0,45.03,11.333333333333332,74.66666666666666,16,12,1.75,2,2.58,71,60.0,43.3,1,High Risk (Intervention Required)
STU_10422,M,17,R,LE3,A,1,2,2,2,0,no,yes,no,no,yes,4,40,38,95.0,87.02,53.49999999999999,100.0,16,17,6.75,23,9.97,195,85.0,93.26,0,Low Risk (On Track)
STU_10423,F,20,R,LE3,T,4,0,1,4,0,no,yes,yes,no,no,3,40,37,92.5,79.6,53.49999999999999,100.0,16,19,5.75,26,11.77,245,95.0,84.62,0,Low Risk (On Track)
STU_10424,F,19,U,LE3,T,2,1,1,4,1,yes,yes,no,no,yes,3,40,35,87.5,77.49,42.33333333333333,100.0,16,18,6.5,24,8.61,181,90.0,74.49,0,Low Risk (On Track)
STU_10425,M,18,U,GT3,A,2,3,1,3,0,no,no,no,yes,no,4,40,35,87.5,41.23,7.333333333333333,74.5,16,18,5.75,14,10.36,205,90.0,43.12,1,High Risk (Intervention Required)
STU_10426,M,19,R,LE3,T,1,0,1,1,0,no,no,yes,no,yes,4,40,39,97.5,83.21,54.50000000000001,100.0,16,9,1.75,5,2.78,75,45.0,83.79,0,Low Risk (On Track)
STU_10427,F,23,R,GT3,A,0,1,1,1,1,yes,yes,no,yes,yes,5,40,32,80.0,79.08,43.0,100.0,16,18,6.0,24,9.67,206,90.0,82.55,0,Low Risk (On Track)
STU_10428,M,19,U,LE3,A,0,2,1,2,0,no,no,yes,no,yes,1,40,38,95.0,79.31,45.33333333333333,95.5,16,19,6.5,21,12.89,230,95.0,73.45,0,Low Risk (On Track)
STU_10429,M,19,R,GT3,A,4,0,1,1,0,no,no,yes,yes,yes,3,40,38,95.0,42.8,7.5,74.0,16,17,7.0,29,10.79,220,85.0,43.54,1,High Risk (Intervention Required)
STU_10430,F,20,U,GT3,T,3,2,1,4,1,yes,yes,yes,yes,no,4,40,35,87.5,82.06,57.666666666666664,100.0,16,20,7.0,10,8.12,222,100.0,84.29,0,Low Risk (On Track)
STU_10431,F,19,U,LE3,A,3,3,2,4,2,yes,no,yes,no,yes,4,40,39,97.5,79.26,32.33333333333333,100.0,16,9,1.75,6,2.88,57,45.0,70.23,1,High Risk (Intervention Required)
STU_10432,F,21,R,GT3,A,0,3,2,2,0,no,yes,yes,no,no,2,40,38,95.0,84.16,31.0,100.0,16,18,6.25,28,10.93,275,90.0,77.43,0,Low Risk (On Track)
STU_10433,M,21,U,GT3,A,3,0,3,2,0,yes,no,yes,no,no,5,40,30,75.0,38.1,0.0,62.33333333333333,16,18,5.75,26,8.04,225,90.0,27.94,1,High Risk (Intervention Required)
STU_10434,M,19,U,LE3,A,3,0,1,3,1,no,no,yes,yes,yes,4,40,40,100.0,80.99,47.0,100.0,16,16,7.25,26,9.85,203,80.0,77.91,0,Low Risk (On Track)
STU_10435,M,20,R,LE3,T,3,2,1,3,1,no,no,no,yes,yes,2,40,37,92.5,78.74,38.5,100.0,16,18,5.5,21,9.56,218,90.0,79.61,0,Low Risk (On Track)
STU_10436,M,20,R,LE3,A,4,0,1,1,0,no,no,no,no,no,5,40,31,77.5,76.41,51.33333333333333,100.0,16,14,1.25,4,3.1,79,70.0,80.42,0,Low Risk (On Track)
STU_10437,F,19,R,GT3,T,1,1,1,1,0,yes,yes,yes,no,yes,2,40,39,97.5,44.17,6.000000000000001,70.0,16,17,5.5,25,9.3,232,85.0,42.47,1,High Risk (Intervention Required)
STU_10438,F,20,U,LE3,A,3,1,1,1,0,yes,no,no,no,yes,4,40,37,92.5,88.14,67.66666666666666,100.0,16,19,4.5,14,10.34,248,95.0,92.65,0,Low Risk (On Track)
STU_10439,M,18,R,LE3,A,0,0,2,3,3,no,no,yes,no,no,4,40,32,80.0,82.34,51.66666666666667,100.0,16,16,6.5,18,9.52,167,80.0,74.82,0,Low Risk (On Track)
STU_10440,F,18,U,LE3,A,4,2,2,2,0,no,yes,no,no,no,4,40,35,87.5,80.36,36.5,100.0,16,20,5.25,23,9.3,212,100.0,71.55,0,Low Risk (On Track)
STU_10441,M,18,U,GT3,A,3,1,1,2,0,no,yes,no,no,no,3,40,34,85.0,47.75,23.333333333333332,82.33333333333334,16,5,1.75,5,3.38,76,25.0,45.53,1,High Risk (Intervention Required)
STU_10442,F,20,U,LE3,A,0,3,1,1,0,yes,no,no,no,yes,2,40,38,95.0,79.89,31.0,100.0,16,18,5.0,32,8.35,257,90.0,79.43,0,Low Risk (On Track)
STU_10443,M,23,R,GT3,A,1,1,2,3,0,yes,no,no,yes,yes,1,40,38,95.0,80.12,57.49999999999999,100.0,16,18,5.25,22,8.71,199,90.0,77.99,0,Low Risk (On Track)
STU_10444,M,19,R,GT3,T,4,2,3,3,1,yes,yes,no,no,yes,1,40,36,90.0,86.35,60.0,100.0,16,18,6.25,30,10.32,234,90.0,76.08,0,Low Risk (On Track)
STU_10445,M,20,U,LE3,T,0,1,3,1,0,no,no,yes,yes,no,3,40,35,87.5,40.03,0.0,65.5,16,18,4.5,33,11.8,228,90.0,37.67,1,High Risk (Intervention Required)
STU_10446,M,18,U,GT3,A,0,1,2,2,0,yes,yes,no,no,no,3,40,37,92.5,83.26,51.0,100.0,16,9,3.0,4,3.28,61,45.0,76.04,0,Low Risk (On Track)
STU_10447,M,18,R,LE3,T,3,3,3,3,2,no,yes,no,yes,yes,5,40,37,92.5,87.28,69.0,100.0,16,18,5.75,27,10.06,260,90.0,87.96,0,Low Risk (On Track)
STU_10448,M,18,R,GT3,T,3,0,1,1,2,yes,yes,no,no,no,5,40,35,87.5,87.92,70.5,100.0,16,18,6.25,17,11.94,243,90.0,87.39,0,Low Risk (On Track)
STU_10449,F,20,R,GT3,T,2,4,2,1,0,yes,no,no,no,yes,3,40,39,97.5,32.17,3.3333333333333335,62.0,16,17,6.75,28,10.8,186,85.0,26.41,1,High Risk (Intervention Required)
STU_10450,M,17,R,GT3,T,4,4,1,1,0,no,yes,yes,yes,no,2,40,38,95.0,86.93,54.333333333333336,100.0,16,18,6.75,17,8.37,199,90.0,82.87,0,Low Risk (On Track)
STU_10451,F,20,U,LE3,A,2,4,1,1,0,yes,no,no,yes,no,3,40,33,82.5,85.21,64.5,100.0,16,7,2.25,2,2.47,75,35.0,78.97,0,Low Risk (On Track)
STU_10452,M,20,U,GT3,A,2,4,2,3,0,yes,yes,no,yes,no,4,40,39,97.5,80.85,58.666666666666664,100.0,16,16,7.25,19,10.62,239,80.0,78.6,0,Low Risk (On Track)
STU_10453,M,18,R,GT3,T,0,0,1,1,0,yes,no,no,no,no,5,40,36,90.0,42.78,19.333333333333332,74.0,16,19,5.5,27,9.53,227,95.0,44.6,1,High Risk (Intervention Required)
STU_10454,F,19,R,GT3,A,1,1,1,2,0,yes,yes,no,no,yes,2,40,34,85.0,83.67,51.33333333333333,100.0,16,19,6.75,23,11.15,226,95.0,77.73,0,Low Risk (On Track)
STU_10455,F,21,U,GT3,T,0,2,2,1,0,no,no,no,no,no,4,40,35,87.5,81.6,52.5,100.0,16,19,5.25,17,9.8,201,95.0,81.62,0,Low Risk (On Track)
STU_10456,M,20,U,GT3,T,2,2,1,3,0,yes,no,yes,yes,no,4,40,37,92.5,75.15,34.5,100.0,16,11,1.75,6,2.95,60,55.0,71.03,0,Low Risk (On Track)
STU_10457,F,19,R,GT3,A,4,1,2,2,0,no,no,yes,no,yes,5,40,31,77.5,41.78,9.5,83.0,16,18,5.5,27,9.41,213,90.0,36.61,1,High Risk (Intervention Required)
STU_10458,F,18,R,GT3,T,3,2,2,3,0,no,yes,yes,yes,yes,5,40,39,97.5,77.23,40.5,100.0,16,19,5.0,28,8.04,244,95.0,74.8,0,Low Risk (On Track)
STU_10459,M,20,U,LE3,T,0,2,2,1,0,no,yes,no,no,yes,4,40,40,100.0,78.86,35.0,100.0,16,18,5.25,19,9.93,192,90.0,72.72,0,Low Risk (On Track)
STU_10460,M,18,U,GT3,T,4,2,1,1,3,yes,no,yes,yes,no,1,40,34,85.0,79.31,52.0,100.0,16,18,6.5,20,10.62,239,90.0,75.1,0,Low Risk (On Track)
STU_10461,M,18,R,LE3,T,4,2,1,3,0,yes,no,yes,no,no,3,40,35,87.5,50.74,25.0,87.66666666666667,16,12,1.75,4,3.28,72,60.0,43.95,0,Low Risk (On Track)
STU_10462,F,21,U,LE3,T,1,4,2,2,1,no,yes,no,yes,no,4,40,38,95.0,75.29,47.0,100.0,16,19,7.5,23,9.7,232,95.0,81.15,0,Low Risk (On Track)
STU_10463,F,18,U,GT3,T,0,2,2,2,0,yes,no,no,no,yes,5,40,34,85.0,86.96,62.33333333333333,100.0,16,18,6.25,21,8.12,193,90.0,85.1,0,Low Risk (On Track)
STU_10464,M,20,U,GT3,T,1,4,4,4,0,yes,yes,no,no,yes,1,40,38,95.0,83.71,65.66666666666666,100.0,16,18,6.5,32,12.62,268,90.0,78.91,0,Low Risk (On Track)
STU_10465,M,21,R,GT3,A,3,2,2,1,1,no,yes,yes,yes,no,1,40,37,92.5,34.3,0.0,55.99999999999999,16,19,5.25,15,9.48,193,95.0,33.16,1,High Risk (Intervention Required)
STU_10466,F,19,U,GT3,A,1,4,1,3,1,no,no,no,no,yes,3,40,39,97.5,82.6,53.0,100.0,16,6,2.0,5,3.08,65,30.0,80.15,0,Low Risk (On Track)
STU_10467,F,18,R,LE3,T,0,4,1,4,0,no,no,no,yes,yes,5,40,37,92.5,80.25,52.33333333333333,100.0,16,19,7.0,24,8.67,244,95.0,77.37,0,Low Risk (On Track)
STU_10468,M,21,R,LE3,A,3,4,1,1,1,yes,yes,no,no,yes,4,40,39,97.5,79.59,55.333333333333336,100.0,16,17,5.25,25,7.37,218,85.0,80.05,0,Low Risk (On Track)
STU_10469,M,18,U,GT3,A,1,0,2,2,1,yes,yes,no,no,yes,3,40,32,80.0,32.05,0.0,61.33333333333333,16,18,5.75,29,11.25,255,90.0,33.08,1,High Risk (Intervention Required)
STU_10470,F,21,U,LE3,T,3,0,3,2,0,yes,yes,yes,yes,yes,2,40,38,95.0,72.92,38.5,100.0,16,19,7.25,29,8.64,267,95.0,68.8,0,Low Risk (On Track)
STU_10471,F,21,U,GT3,T,0,4,2,2,1,yes,no,yes,no,no,4,40,36,90.0,84.39,34.0,100.0,16,10,2.0,5,2.88,74,50.0,80.09,0,Low Risk (On Track)
STU_10472,F,18,R,GT3,A,4,0,3,1,0,no,no,no,yes,no,2,40,30,75.0,71.58,37.66666666666667,100.0,16,17,5.25,27,11.08,199,85.0,68.48,0,Low Risk (On Track)
STU_10473,F,18,U,LE3,A,0,1,1,2,0,yes,yes,no,no,yes,5,40,37,92.5,38.52,12.000000000000002,60.0,16,16,5.75,22,7.5,179,80.0,27.31,1,High Risk (Intervention Required)
STU_10474,F,20,U,LE3,A,1,2,2,3,0,yes,yes,no,yes,no,5,40,36,90.0,82.91,53.333333333333336,100.0,16,17,6.25,25,11.68,218,85.0,74.85,0,Low Risk (On Track)
STU_10475,M,18,U,LE3,A,2,0,2,1,1,yes,no,no,yes,yes,1,40,34,85.0,78.01,33.0,100.0,16,18,5.0,22,11.22,238,90.0,81.48,0,Low Risk (On Track)
STU_10476,M,18,R,GT3,T,4,3,1,2,0,yes,no,no,no,no,5,40,36,90.0,85.03,68.33333333333333,100.0,16,6,2.0,3,2.92,65,30.0,89.61,0,Low Risk (On Track)
STU_10477,M,18,U,GT3,A,4,1,1,1,0,yes,yes,no,no,no,4,40,36,90.0,41.36,0.0,82.5,16,19,6.25,25,10.16,195,95.0,38.36,1,High Risk (Intervention Required)
STU_10478,F,18,U,LE3,T,1,2,2,2,0,no,no,yes,yes,no,3,40,36,90.0,82.62,54.0,100.0,16,19,6.5,26,10.2,237,95.0,82.93,0,Low Risk (On Track)
STU_10479,F,18,U,LE3,T,1,4,2,2,0,no,yes,yes,yes,yes,3,40,32,80.0,74.9,59.5,100.0,16,18,5.5,16,10.62,236,90.0,74.15,0,Low Risk (On Track)
STU_10480,M,19,R,GT3,A,4,2,1,1,0,yes,no,yes,yes,yes,2,40,37,92.5,74.14,12.666666666666664,100.0,16,18,5.25,32,12.88,222,90.0,84.46,0,Low Risk (On Track)
STU_10481,F,19,U,GT3,A,3,1,1,3,0,yes,yes,no,yes,yes,2,40,34,85.0,50.42,27.333333333333332,79.33333333333333,16,6,3.0,4,2.33,52,30.0,52.9,0,Low Risk (On Track)
STU_10482,F,19,R,LE3,T,1,1,1,1,0,yes,no,yes,yes,yes,1,40,37,92.5,76.93,51.5,100.0,16,19,5.75,16,11.12,234,95.0,74.42,0,Low Risk (On Track)
STU_10483,M,20,U,LE3,T,3,0,1,1,0,no,no,yes,no,yes,1,40,39,97.5,85.12,53.49999999999999,100.0,16,19,6.75,12,8.82,250,95.0,79.3,0,Low Risk (On Track)
STU_10484,M,21,U,LE3,T,4,3,2,2,0,yes,yes,yes,no,yes,3,40,36,90.0,80.07,61.5,100.0,16,16,6.25,9,11.28,242,80.0,71.64,0,Low Risk (On Track)
STU_10485,M,18,R,LE3,A,1,0,2,3,0,yes,no,no,no,no,2,40,36,90.0,48.35,5.500000000000001,100.0,16,19,6.25,17,10.05,205,95.0,47.16,1,High Risk (Intervention Required)
STU_10486,F,20,R,GT3,A,2,4,1,4,0,yes,yes,yes,yes,no,2,40,37,92.5,79.49,47.0,100.0,16,10,2.0,2,2.86,55,50.0,74.46,0,Low Risk (On Track)
STU_10487,F,18,R,GT3,T,2,2,2,1,0,no,no,yes,yes,no,5,40,38,95.0,76.57,33.5,94.0,16,18,5.0,21,8.08,212,90.0,68.88,0,Low Risk (On Track)
STU_10488,F,19,R,GT3,A,2,3,1,2,0,yes,no,yes,no,yes,3,40,35,87.5,84.49,63.0,100.0,16,18,4.5,19,11.48,252,90.0,79.9,0,Low Risk (On Track)
STU_10489,M,20,U,LE3,T,0,2,1,1,0,no,no,no,no,yes,5,40,37,92.5,46.71,10.666666666666668,75.5,16,18,5.25,26,10.45,231,90.0,40.38,1,High Risk (Intervention Required)
STU_10490,M,23,R,LE3,A,2,2,2,2,0,yes,no,yes,no,yes,2,40,35,87.5,81.98,63.66666666666667,100.0,16,18,4.75,15,11.56,272,90.0,86.73,0,Low Risk (On Track)
STU_10491,M,19,R,GT3,A,0,2,2,2,2,no,yes,no,no,yes,3,40,36,90.0,77.99,37.66666666666667,100.0,16,8,1.25,3,2.1,64,40.0,79.52,1,High Risk (Intervention Required)
STU_10492,M,19,U,GT3,T,3,2,1,2,0,no,no,no,yes,yes,2,40,39,97.5,83.58,52.5,100.0,16,17,6.5,20,8.77,229,85.0,81.55,0,Low Risk (On Track)
STU_10493,M,22,R,GT3,A,1,3,1,2,0,no,no,no,yes,yes,1,40,32,80.0,36.32,0.5,81.66666666666667,16,18,6.25,29,10.83,179,90.0,40.24,1,High Risk (Intervention Required)
STU_10494,M,17,R,LE3,T,1,0,3,2,0,no,yes,no,yes,no,5,40,38,95.0,84.81,65.66666666666666,100.0,16,18,5.75,27,8.99,215,90.0,83.12,0,Low Risk (On Track)
STU_10495,M,18,R,GT3,T,0,1,1,2,0,yes,yes,yes,no,no,4,40,38,95.0,76.49,37.66666666666667,100.0,16,17,6.5,31,13.18,238,85.0,71.04,0,Low Risk (On Track)
STU_10496,M,19,R,LE3,A,2,1,1,1,0,no,yes,no,no,no,4,40,34,85.0,84.19,55.00000000000001,100.0,16,7,2.0,4,2.19,79,35.0,88.28,0,Low Risk (On Track)
STU_10497,M,20,R,GT3,A,2,3,2,3,0,yes,yes,no,no,no,2,40,39,97.5,36.23,0.0,57.49999999999999,16,16,5.75,17,9.02,235,80.0,36.39,1,High Risk (Intervention Required)
STU_10498,M,18,U,LE3,T,2,4,1,4,0,yes,no,no,yes,no,1,40,37,92.5,76.74,38.0,100.0,16,18,6.25,26,10.49,234,90.0,70.59,0,Low Risk (On Track)
STU_10499,M,19,R,GT3,A,1,2,1,1,0,no,no,no,no,yes,4,40,34,85.0,82.4,41.5,100.0,16,19,6.25,32,8.75,195,95.0,79.64,0,Low Risk (On Track)
STU_10500,M,17,U,LE3,A,3,3,1,1,0,no,yes,no,no,yes,2,40,34,85.0,81.34,58.666666666666664,100.0,16,17,6.25,21,10.99,233,85.0,75.84,0,Low Risk (On Track)
STU_10501,M,19,U,GT3,T,4,3,1,2,0,no,yes,no,no,yes,2,40,36,90.0,32.15,0.0,65.0,16,15,2.75,4,2.93,85,75.0,24.62,1,High Risk (Intervention Required)
STU_10502,M,21,U,GT3,T,4,0,1,2,0,yes,yes,no,yes,yes,3,40,31,77.5,84.69,57.49999999999999,100.0,16,18,6.0,17,9.58,193,90.0,86.39,0,Low Risk (On Track)
STU_10503,M,18,U,GT3,T,0,2,2,2,0,yes,yes,yes,yes,no,5,40,36,90.0,80.16,60.333333333333336,100.0,16,18,5.5,16,9.8,240,90.0,85.8,0,Low Risk (On Track)
STU_10504,M,20,R,LE3,T,4,3,3,1,0,no,no,yes,yes,no,3,40,40,100.0,84.97,63.0,100.0,16,17,6.5,14,11.74,236,85.0,77.38,0,Low Risk (On Track)
STU_10505,M,18,R,LE3,T,2,4,1,1,0,no,no,yes,yes,no,1,40,32,80.0,45.31,14.333333333333334,73.33333333333333,16,20,6.75,23,9.91,216,100.0,45.56,1,High Risk (Intervention Required)
STU_10506,F,23,R,LE3,A,1,2,4,2,0,yes,no,no,yes,yes,2,40,38,95.0,75.26,38.5,100.0,16,11,1.75,4,2.48,72,55.0,70.66,0,Low Risk (On Track)
STU_10507,M,19,U,GT3,T,3,1,2,1,0,no,yes,yes,no,yes,1,40,39,97.5,77.05,53.333333333333336,100.0,16,16,5.75,15,10.22,260,80.0,73.1,0,Low Risk (On Track)
STU_10508,M,21,R,GT3,T,2,2,2,3,0,no,no,yes,yes,no,3,40,37,92.5,81.39,45.0,100.0,16,17,4.75,16,10.38,188,85.0,77.02,0,Low Risk (On Track)
STU_10509,M,18,U,LE3,T,4,3,1,1,0,yes,no,yes,yes,yes,2,40,35,87.5,42.64,15.5,64.0,16,18,5.75,18,10.62,194,90.0,37.18,1,High Risk (Intervention Required)
STU_10510,M,18,U,LE3,T,4,0,1,2,0,yes,yes,no,yes,yes,3,40,34,85.0,82.48,64.5,100.0,16,19,6.0,29,8.54,167,95.0,80.67,0,Low Risk (On Track)
STU_10511,F,19,U,GT3,A,0,2,1,1,0,no,yes,no,yes,no,4,40,32,80.0,78.51,58.666666666666664,100.0,16,12,2.0,5,2.83,77,60.0,73.19,0,Low Risk (On Track)
STU_10512,M,20,R,LE3,T,2,3,1,2,0,no,yes,no,yes,no,2,40,39,97.5,80.03,36.5,100.0,16,17,5.5,14,11.4,239,85.0,79.11,0,Low Risk (On Track)
STU_10513,M,21,U,LE3,A,3,3,3,4,3,no,no,no,no,yes,4,40,37,92.5,40.0,10.0,62.0,16,17,5.5,26,7.91,284,85.0,37.8,1,High Risk (Intervention Required)
STU_10514,M,23,U,GT3,T,1,3,4,3,1,no,no,no,yes,no,4,40,32,80.0,83.06,51.5,100.0,16,16,7.75,17,10.62,208,80.0,80.1,0,Low Risk (On Track)
STU_10515,M,18,U,GT3,T,1,2,2,4,0,yes,yes,yes,yes,yes,4,40,39,97.5,81.32,42.5,100.0,16,18,6.25,28,9.46,165,90.0,75.69,0,Low Risk (On Track)
STU_10516,F,20,U,LE3,A,1,3,1,2,2,no,no,no,yes,yes,5,40,38,95.0,80.29,36.00000000000001,100.0,16,10,2.0,2,3.35,66,50.0,75.98,1,High Risk (Intervention Required)
STU_10517,F,20,R,LE3,A,2,0,4,3,0,yes,no,no,no,no,2,40,35,87.5,42.93,14.666666666666666,80.0,16,17,6.5,21,8.48,222,85.0,43.95,1,High Risk (Intervention Required)
STU_10518,M,18,U,LE3,A,1,4,3,2,1,yes,yes,yes,yes,yes,3,40,36,90.0,80.38,46.0,100.0,16,18,6.0,17,8.89,229,90.0,80.38,0,Low Risk (On Track)
STU_10519,F,19,U,LE3,T,2,0,1,2,0,yes,no,no,yes,yes,1,40,39,97.5,82.26,51.0,100.0,16,20,5.0,22,9.56,202,100.0,76.35,0,Low Risk (On Track)
STU_10520,F,20,U,LE3,T,1,4,2,2,0,no,no,no,no,no,3,40,34,85.0,79.44,50.0,100.0,16,18,7.25,15,10.4,236,90.0,77.84,0,Low Risk (On Track)
STU_10521,F,19,R,GT3,T,2,3,1,1,0,no,yes,yes,no,no,2,40,34,85.0,29.65,0.0,63.66666666666667,16,11,2.0,4,2.34,64,55.0,30.66,1,High Risk (Intervention Required)
STU_10522,M,19,R,LE3,A,3,4,2,3,0,yes,yes,no,yes,no,1,40,39,97.5,83.34,55.333333333333336,100.0,16,18,5.0,27,11.28,221,90.0,74.66,0,Low Risk (On Track)
STU_10523,F,19,U,GT3,A,4,0,1,4,2,no,yes,no,no,yes,2,40,31,77.5,82.14,59.333333333333336,100.0,16,16,5.5,11,11.28,242,80.0,82.31,0,Low Risk (On Track)
STU_10524,M,18,U,GT3,A,1,3,4,2,0,yes,yes,yes,yes,yes,4,40,40,100.0,84.76,43.666666666666664,100.0,16,17,5.75,29,10.96,241,85.0,80.11,0,Low Risk (On Track)
STU_10525,M,18,R,GT3,A,1,2,2,4,0,yes,no,yes,no,yes,5,40,38,95.0,44.54,2.666666666666667,77.5,16,19,6.0,15,8.37,155,95.0,44.82,1,High Risk (Intervention Required)
STU_10526,M,19,R,GT3,A,1,1,1,2,0,no,yes,yes,no,yes,3,40,35,87.5,76.04,20.666666666666668,100.0,16,6,2.25,3,3.07,77,30.0,70.99,0,Low Risk (On Track)
STU_10527,F,19,U,GT3,T,4,4,1,2,0,no,yes,yes,yes,no,1,40,34,85.0,80.12,43.666666666666664,100.0,16,17,5.25,18,10.49,269,85.0,70.9,0,Low Risk (On Track)
STU_10528,F,18,R,LE3,A,3,1,2,1,0,yes,no,no,yes,no,5,40,38,95.0,78.83,59.5,100.0,16,18,7.25,21,10.04,261,90.0,70.32,0,Low Risk (On Track)
STU_10529,F,19,U,GT3,A,3,0,4,2,1,yes,yes,yes,yes,no,4,40,38,95.0,42.59,13.999999999999998,69.0,16,17,5.5,22,11.01,144,85.0,40.78,1,High Risk (Intervention Required)
STU_10530,F,23,U,LE3,A,2,3,2,4,1,no,yes,no,no,yes,5,40,39,97.5,82.31,42.00000000000001,100.0,16,19,4.75,20,10.42,259,95.0,81.35,0,Low Risk (On Track)
STU_10531,F,18,R,LE3,A,3,1,2,2,0,yes,yes,yes,yes,yes,3,40,37,92.5,77.59,35.5,98.0,16,11,2.25,6,2.72,71,55.0,71.97,0,Low Risk (On Track)
STU_10532,M,19,U,GT3,A,1,0,1,4,0,yes,yes,no,no,yes,4,40,38,95.0,78.62,43.49999999999999,100.0,16,18,4.5,22,10.28,219,90.0,79.17,0,Low Risk (On Track)
STU_10533,M,17,U,GT3,A,2,4,4,2,0,yes,no,no,no,no,3,40,36,90.0,44.95,19.5,72.00000000000001,16,17,6.5,27,8.07,210,85.0,36.3,1,High Risk (Intervention Required)
STU_10534,M,18,U,LE3,A,4,1,1,2,0,no,yes,yes,no,no,4,40,37,92.5,77.52,38.333333333333336,100.0,16,17,6.5,23,11.31,228,85.0,75.26,0,Low Risk (On Track)
STU_10535,F,19,U,GT3,T,4,1,1,3,0,no,yes,yes,yes,yes,2,40,35,87.5,82.55,56.33333333333332,100.0,16,19,5.25,9,7.9,209,95.0,75.71,0,Low Risk (On Track)
STU_10536,M,17,R,GT3,T,0,1,2,2,0,no,yes,yes,yes,no,3,40,39,97.5,84.49,55.99999999999999,100.0,16,13,2.75,2,3.08,81,65.0,79.88,0,Low Risk (On Track)
STU_10537,M,19,U,LE3,A,0,4,3,2,0,yes,no,no,no,yes,1,40,39,97.5,36.46,0.0,65.0,16,16,6.25,29,11.09,224,80.0,34.65,1,High Risk (Intervention Required)
STU_10538,M,18,U,LE3,A,1,1,2,1,0,yes,no,yes,no,no,4,40,32,80.0,81.32,57.99999999999999,100.0,16,18,5.75,14,10.02,172,90.0,75.88,0,Low Risk (On Track)
STU_10539,M,19,U,GT3,A,1,4,1,2,0,yes,no,yes,no,yes,3,40,37,92.5,80.86,55.666666666666664,100.0,16,19,5.25,27,8.5,252,95.0,77.32,0,Low Risk (On Track)
STU_10540,F,18,U,LE3,A,0,4,1,2,0,yes,no,no,no,yes,2,40,34,85.0,76.32,32.66666666666667,100.0,16,18,5.75,19,12.66,240,90.0,78.35,0,Low Risk (On Track)
STU_10541,F,17,R,LE3,A,0,0,1,3,0,no,yes,no,no,no,5,40,35,87.5,42.95,8.0,72.0,16,9,2.0,3,2.05,80,45.0,38.64,1,High Risk (Intervention Required)
STU_10542,M,21,U,GT3,A,1,2,2,2,1,no,no,yes,no,yes,5,40,36,90.0,83.6,45.0,100.0,16,18,6.25,28,10.9,226,90.0,84.94,0,Low Risk (On Track)
STU_10543,M,19,U,GT3,A,0,2,2,1,0,no,yes,no,no,no,5,40,38,95.0,78.12,34.333333333333336,100.0,16,16,7.0,10,9.93,163,80.0,71.6,0,Low Risk (On Track)
STU_10544,F,18,R,LE3,A,0,2,1,2,0,yes,yes,yes,yes,yes,5,40,30,75.0,79.59,44.666666666666664,100.0,16,18,5.5,18,10.98,212,90.0,79.71,0,Low Risk (On Track)
STU_10545,M,18,R,GT3,T,3,4,3,1,0,yes,no,yes,yes,yes,4,40,39,97.5,41.21,16.0,69.0,16,18,7.0,24,9.41,215,90.0,44.98,1,High Risk (Intervention Required)
STU_10546,F,18,U,GT3,T,4,1,1,2,0,no,yes,no,no,no,2,40,38,95.0,87.74,76.66666666666667,100.0,16,13,1.25,4,3.44,77,65.0,75.85,0,Low Risk (On Track)
STU_10547,F,22,R,LE3,T,2,2,1,2,0,no,yes,no,yes,no,5,40,35,87.5,83.31,37.0,100.0,16,18,6.0,17,8.79,228,90.0,78.12,0,Low Risk (On Track)
STU_10548,F,18,U,GT3,A,2,2,1,2,0,no,no,yes,yes,no,4,40,39,97.5,79.67,46.0,100.0,16,20,5.5,22,11.88,238,100.0,79.98,0,Low Risk (On Track)
STU_10549,M,18,U,GT3,T,3,0,1,2,0,no,no,no,no,no,2,40,36,90.0,39.81,2.333333333333333,65.5,16,18,5.25,19,10.1,214,90.0,37.0,1,High Risk (Intervention Required)
STU_10550,F,18,R,GT3,T,1,2,2,1,1,yes,yes,yes,no,yes,2,40,36,90.0,84.38,48.00000000000001,100.0,16,18,5.75,29,8.55,262,90.0,83.86,0,Low Risk (On Track)
STU_10551,F,19,R,LE3,T,1,3,4,4,0,no,no,yes,no,no,5,40,40,100.0,90.28,63.5,100.0,16,5,2.5,1,2.84,77,25.0,85.86,0,Low Risk (On Track)
STU_10552,F,18,U,LE3,T,1,2,1,3,0,no,no,yes,no,no,3,40,39,97.5,82.83,51.5,100.0,16,17,7.0,32,8.99,251,85.0,81.18,0,Low Risk (On Track)
STU_10553,F,19,R,LE3,T,4,1,1,3,1,yes,no,yes,no,yes,5,40,32,80.0,38.02,0.0,66.66666666666666,16,19,7.5,36,10.36,226,95.0,35.4,1,High Risk (Intervention Required)
STU_10554,M,18,U,LE3,T,1,3,1,4,2,no,yes,yes,yes,yes,4,40,39,97.5,84.17,53.0,100.0,16,17,6.5,19,10.09,241,85.0,86.84,0,Low Risk (On Track)
STU_10555,F,19,U,LE3,A,3,3,1,2,0,yes,no,no,no,no,4,40,38,95.0,75.02,40.33333333333333,97.33333333333333,16,20,7.25,16,10.31,270,100.0,74.04,0,Low Risk (On Track)
STU_10556,M,18,U,LE3,T,0,0,2,2,0,no,yes,no,yes,no,4,40,35,87.5,82.4,44.666666666666664,100.0,16,11,2.25,4,2.22,72,55.0,81.75,0,Low Risk (On Track)
STU_10557,F,18,U,LE3,T,4,1,1,3,0,no,yes,no,yes,no,1,40,36,90.0,41.75,16.333333333333336,63.66666666666667,16,17,5.75,31,8.95,284,85.0,38.1,1,High Risk (Intervention Required)
STU_10558,M,18,U,LE3,T,1,3,3,1,0,no,no,no,yes,yes,1,40,39,97.5,87.2,65.33333333333334,100.0,16,18,6.25,21,10.68,233,90.0,83.25,0,Low Risk (On Track)
STU_10559,M,18,R,GT3,A,3,0,3,1,0,yes,yes,no,yes,no,1,40,34,85.0,82.86,50.33333333333333,100.0,16,19,6.0,13,6.88,188,95.0,79.13,0,Low Risk (On Track)
STU_10560,M,20,U,GT3,A,4,4,4,1,1,no,no,no,no,yes,2,40,38,95.0,80.9,50.0,100.0,16,17,6.0,26,10.07,220,85.0,80.48,0,Low Risk (On Track)
STU_10561,M,18,U,LE3,A,4,4,1,3,0,no,yes,yes,yes,yes,5,40,34,85.0,43.68,13.5,69.0,16,6,1.0,4,2.31,56,30.0,40.0,1,High Risk (Intervention Required)
STU_10562,M,18,U,GT3,T,2,0,2,1,1,yes,yes,no,no,no,1,40,32,80.0,82.32,44.00000000000001,100.0,16,16,7.25,31,10.31,217,80.0,81.48,0,Low Risk (On Track)
STU_10563,F,20,R,GT3,A,0,0,2,1,2,yes,no,yes,yes,no,3,40,39,97.5,85.85,47.0,100.0,16,17,5.0,16,9.54,201,85.0,92.15,0,Low Risk (On Track)
STU_10564,M,20,U,GT3,A,1,4,2,3,0,no,yes,no,no,yes,4,40,36,90.0,85.68,64.66666666666666,100.0,16,19,5.5,13,11.94,168,95.0,87.16,0,Low Risk (On Track)
STU_10565,M,19,R,LE3,T,1,4,1,3,0,yes,no,yes,yes,no,5,40,33,82.5,33.95,0.5,63.5,16,19,5.75,14,10.72,181,95.0,30.65,1,High Risk (Intervention Required)
STU_10566,M,18,U,GT3,T,3,3,1,2,0,yes,yes,no,no,yes,1,40,36,90.0,76.81,57.99999999999999,100.0,16,8,2.25,3,3.25,72,40.0,79.61,0,Low Risk (On Track)
STU_10567,M,20,U,LE3,T,0,2,1,2,0,yes,yes,no,yes,yes,2,40,36,90.0,77.7,48.0,100.0,16,19,6.0,31,9.78,154,95.0,74.07,0,Low Risk (On Track)
STU_10568,F,20,R,LE3,A,2,3,1,1,0,yes,yes,yes,yes,no,1,40,38,95.0,86.51,71.0,100.0,16,20,6.5,19,10.36,171,100.0,76.36,0,Low Risk (On Track)
STU_10569,F,18,U,LE3,T,3,3,1,2,0,no,yes,no,yes,yes,2,40,37,92.5,45.28,13.666666666666666,68.66666666666667,16,18,6.75,18,8.97,260,90.0,39.25,1,High Risk (Intervention Required)
STU_10570,M,22,R,GT3,T,4,2,1,4,2,yes,yes,yes,no,no,5,40,37,92.5,74.04,40.5,100.0,16,18,5.75,32,11.61,229,90.0,64.56,0,Low Risk (On Track)
STU_10571,M,19,U,GT3,A,2,0,1,2,0,no,yes,yes,yes,yes,3,40,38,95.0,85.32,64.5,100.0,16,11,1.75,3,2.25,79,55.0,81.91,0,Low Risk (On Track)
STU_10572,M,18,R,LE3,T,4,3,4,2,0,yes,yes,no,no,no,4,40,36,90.0,81.79,43.0,100.0,16,18,7.0,21,8.67,176,90.0,79.86,0,Low Risk (On Track)
STU_10573,F,19,R,GT3,T,1,3,1,2,0,yes,no,yes,no,yes,1,40,39,97.5,34.53,0.0,61.5,16,18,6.0,21,9.8,180,90.0,39.24,1,High Risk (Intervention Required)
STU_10574,M,18,U,LE3,A,4,3,4,4,0,no,no,yes,no,no,2,40,33,82.5,86.54,46.5,100.0,16,18,6.0,16,11.57,209,90.0,85.85,0,Low Risk (On Track)
STU_10575,F,18,U,LE3,T,0,1,1,1,2,no,yes,yes,yes,no,5,40,34,85.0,76.86,38.0,100.0,16,19,6.0,21,11.22,255,95.0,73.98,0,Low Risk (On Track)
STU_10576,M,17,R,LE3,T,1,0,1,3,0,yes,no,yes,no,no,4,40,37,92.5,83.99,58.5,100.0,16,7,2.0,5,3.03,69,35.0,85.31,0,Low Risk (On Track)
STU_10577,F,19,U,GT3,T,1,0,3,1,1,yes,yes,no,no,no,5,40,32,80.0,39.62,0.0,79.0,16,18,6.75,22,11.46,239,90.0,28.78,1,High Risk (Intervention Required)
STU_10578,F,21,R,LE3,A,1,2,4,2,3,yes,yes,no,yes,yes,4,40,39,97.5,81.71,46.5,100.0,16,17,6.75,14,9.2,228,85.0,80.65,0,Low Risk (On Track)
STU_10579,M,20,U,GT3,A,2,3,2,1,1,no,yes,no,yes,yes,1,40,38,95.0,75.29,33.5,100.0,16,18,5.5,17,8.75,261,90.0,76.37,0,Low Risk (On Track)
STU_10580,F,19,R,LE3,T,2,1,1,1,0,no,yes,yes,yes,yes,3,40,33,82.5,77.51,25.5,100.0,16,17,5.75,18,10.97,224,85.0,69.6,0,Low Risk (On Track)
STU_10581,M,22,U,GT3,T,0,2,1,2,3,no,no,yes,no,no,3,40,38,95.0,45.11,13.666666666666666,76.33333333333333,16,13,1.75,4,2.12,71,65.0,47.69,1,High Risk (Intervention Required)
STU_10582,M,20,U,GT3,A,4,0,1,3,0,no,no,yes,no,yes,2,40,39,97.5,81.02,49.0,100.0,16,19,5.5,16,11.19,197,95.0,80.37,0,Low Risk (On Track)
STU_10583,F,18,U,LE3,T,1,1,4,2,3,no,no,yes,no,no,3,40,37,92.5,77.04,38.99999999999999,100.0,16,17,5.25,18,10.34,264,85.0,73.38,0,Low Risk (On Track)
STU_10584,F,17,R,LE3,T,4,4,1,1,0,no,yes,yes,yes,no,5,40,38,95.0,79.15,61.33333333333333,100.0,16,18,6.75,25,10.44,249,90.0,79.68,0,Low Risk (On Track)
STU_10585,M,19,R,GT3,T,2,1,1,2,0,yes,yes,no,no,no,3,40,39,97.5,31.31,4.0,71.0,16,17,4.75,34,11.89,252,85.0,38.39,1,High Risk (Intervention Required)
STU_10586,F,19,U,LE3,A,0,2,3,2,1,yes,no,no,no,no,1,40,33,82.5,81.09,38.333333333333336,100.0,16,8,2.0,2,2.12,75,40.0,79.82,0,Low Risk (On Track)
STU_10587,F,19,R,LE3,T,1,4,1,3,0,yes,no,yes,yes,no,4,40,38,95.0,83.34,56.666666666666664,100.0,16,19,5.75,32,10.83,248,95.0,82.33,0,Low Risk (On Track)
STU_10588,M,18,R,GT3,T,0,1,2,4,2,no,yes,no,no,yes,3,40,36,90.0,84.39,64.66666666666666,100.0,16,16,5.25,22,10.43,220,80.0,80.55,0,Low Risk (On Track)
STU_10589,F,23,R,LE3,A,0,2,1,2,2,yes,yes,no,yes,no,1,40,32,80.0,45.94,15.333333333333332,79.66666666666666,16,18,5.5,27,10.57,214,90.0,40.54,1,High Risk (Intervention Required)
STU_10590,F,20,R,LE3,T,1,0,4,2,0,yes,yes,yes,yes,no,4,40,40,100.0,84.88,65.99999999999999,100.0,16,17,7.75,22,9.8,188,85.0,86.2,0,Low Risk (On Track)
STU_10591,M,18,R,GT3,T,2,1,2,1,2,no,no,yes,yes,no,4,40,38,95.0,82.36,53.0,100.0,16,9,1.75,3,2.72,68,45.0,76.94,1,High Risk (Intervention Required)
STU_10592,F,19,U,GT3,A,4,3,2,2,1,yes,yes,yes,no,no,1,40,36,90.0,79.34,39.666666666666664,100.0,16,17,5.0,27,9.6,248,85.0,77.63,0,Low Risk (On Track)
STU_10593,M,21,U,GT3,A,0,3,1,3,3,yes,no,yes,yes,yes,2,40,38,95.0,45.67,23.0,69.33333333333334,16,18,6.0,17,11.74,205,90.0,41.76,1,High Risk (Intervention Required)
STU_10594,F,19,U,GT3,T,2,1,4,4,0,yes,no,no,yes,no,3,40,38,95.0,77.65,51.5,100.0,16,19,6.25,26,11.0,195,95.0,77.57,0,Low Risk (On Track)
STU_10595,M,19,R,GT3,A,2,2,2,2,3,no,yes,yes,no,no,3,40,31,77.5,81.4,46.5,100.0,16,18,6.25,19,7.96,254,90.0,80.73,0,Low Risk (On Track)
STU_10596,M,19,U,GT3,A,2,3,2,3,2,yes,yes,yes,yes,yes,5,40,40,100.0,78.97,34.0,100.0,16,6,2.25,5,2.6,86,30.0,81.12,1,High Risk (Intervention Required)
STU_10597,F,18,U,GT3,T,2,3,1,3,0,yes,yes,no,yes,no,4,40,37,92.5,45.78,18.666666666666664,88.5,16,18,5.75,29,10.18,217,90.0,41.74,1,High Risk (Intervention Required)
STU_10598,F,21,R,LE3,A,1,4,1,3,0,no,yes,yes,no,yes,1,40,38,95.0,82.81,47.0,100.0,16,17,5.75,30,8.22,201,85.0,79.73,0,Low Risk (On Track)
STU_10599,M,18,R,GT3,A,1,4,4,1,3,yes,no,yes,no,yes,4,40,38,95.0,73.61,42.0,100.0,16,18,6.75,17,8.24,161,90.0,67.69,0,Low Risk (On Track)
STU_10600,M,19,R,LE3,A,1,0,2,1,0,no,no,yes,no,yes,1,40,39,97.5,79.53,36.00000000000001,100.0,16,18,4.75,22,8.76,247,90.0,75.75,0,Low Risk (On Track)
